,RespondentKey,weight
0,RIX2471090283TF9JKAW,1.0135908738653634
1,JSPP471093256CTYUG6C,1.0189501548190698
2,T77W472530290YK0KLY5,0.9888845137908472
3,A2UQ472543233YQ48KNV,1.0079783952221713
4,85R6472541822TIQ0GQS,0.9397582319601816
5,ZYB6472535308UXOHWQF,0.9714689952898659
6,3YQI472567034YNALFGA,1.0210249514486334
7,PKOP472006570ANS3366,0.960056871543802
8,63KY472554747XNY8H5E,0.9770764751929325
9,89RC472585544JRSYEZD,0.9679763666484944
10,5WQK472607673HJN4MZE,0.9750758893395335
11,XMRR472599754QRL9O93,1.0135908738653634
12,RR3Z472605228IFEJRKC,1.020817744970267
13,OUDT472619629BPHFT3L,0.9581501342025932
14,VTC6472660082Q9VIRC6,0.9645914882657542
15,7I1P472663358HRRMB4T,0.9714689952898659
16,019T472676355RPLSANH,1.0006393095497692
17,MUGI472675187SU44R0V,1.00144863369885
18,62BT472605360RHHXKHN,1.0669667291818832
19,3JFS472686690RGBRK35,1.0233447119200154
20,RM81473290956V8UC34U,0.9889017115203618
21,8S2T473743899HV4HXGF,1.0068466495296082
22,MN9T473747193LUEMQLY,1.0801468017782063
23,0RTS473747860Q3NH3A2,0.9798903259754898
24,D6DK473750444R9E8562,1.0292018401604444
25,6EZX473750350U8HBFRG,0.9840429997818179
26,44KS473752114LM1KY7Q,1.0523457290488605
27,6B40473760180QDBUQKE,1.0068466495296082
28,5XXM473790326WP5YQ20,0.9889017115203618
29,HTM4473791822F6X6ZPC,0.9748780077491925
30,44PS473792556EERSVS8,0.9511152769381622
31,J97I473817585YJP4GKA,0.9762958702266502
32,69MX473827633MG4AKXE,1.0135908738653634
33,16ZM473829389B3V8J4M,1.0135908738653634
34,R76M473832394H9XOC4A,0.9730958188646943
35,BLYF473833949OY24PMA,0.9961987285597647
36,ETPU473838022X2DZGT4,1.009894246369614
37,K2HM473838099ACH27ZS,0.9961987285597647
38,9NW0473846095USN3PIL,0.9681728473376912
39,Q2HB473845740QPWK7V2,1.009461456129153
40,1MWG473846377MH26WXR,0.9762958702266502
41,1J4L473852838AA52G03,1.0033015942147352
42,IBQF473848251V3BRPVM,0.9961987285597647
43,TG8I473857487KSN11HV,1.0137966134271152
44,6NH4473856443TA9AETL,1.0096663574980806
45,MI7D473883952Y2PY8EL,0.9770594831129914
46,EVG6473887992C2J6OCP,0.9961987285597647
47,1LEE473893213P9D1YC7,0.9595436676624297
48,KPXD473893203PZ231OG,1.0990045553461767
49,TK1V473911039SX08E3N,0.9780556453404717
50,1GD9473921634ZDIFO3G,1.0549154911457181
51,2BKU473938430K8D94EX,1.0506177149406812
52,K1KS473940374BQ8FZOZ,1.0117365053037846
53,XO30473953395R8H5O6U,1.0068466495296082
54,WNFV471616936E4FHDI7,0.9051641533491004
55,3OEO473972245V3E4MF1,0.9762958702266502
56,PC83473875449UDI1APP,1.0593947227350347
57,ACZ9473078875R8VK11S,1.0258580319917703
58,4AMS473530643CPE3RU9,1.0096663574980806
59,KG6B473516306Z5ZJUZP,1.0233447119200154
60,X5XZ473506874PZ99SEL,0.9774783815326127
61,7F6Q471477018BV4GOLH,0.9834693993632103
62,HP28473478686OAU2FMT,1.1519668723257255
63,0Q81473474334HK4BXOL,1.0135908738653634
64,A4YT473435942PFC5WPY,0.9800339614989482
65,PFX6473431750JSKMGTR,0.9889017115203618
66,Z8OH473424818U7K6UV3,1.016658884615256
67,5EPE471698543FQO300U,1.0008424201916715
68,5RKY473419637L31NNKJ,1.0033015942147352
69,YJDO472522689TOHY6TG,1.0077738364077693
70,K30K472516240JWONC08,1.0082553952520807
71,CBNB472514325MFQ7BB1,1.0033015942147352
72,XCY9472510168WJKSAP9,1.0190321845194026
73,YOG8472194200UOX9JAH,0.9364557425211121
74,93XJ472173475K4VOQB6,0.9198540543753796
75,33VE472163755HIF32NJ,1.0010683174378519
76,NQ7D472163532P7MQY6M,1.0006393095497692
77,ZRT8472114086LBCZKVQ,0.9890852384340295
78,VPOT472105696W4SYGPC,1.026297851998418
79,0KA2471147690TUHQQ1J,1.0624370054742782
80,6WEQ472070801XZHIBYG,0.966385183884135
81,GT9U472054411WH1JEGL,1.015444224562
82,I71N472062312YGXXMJW,0.9889017115203618
83,VJZ8472038073PPIZCSF,0.9772578075011087
84,A4GD471948858VWKJLFR,1.0006393095497692
85,NXHE471979262BCA4V42,1.0488612901018686
86,Z06E471971360T1D0N90,0.9411250162392262
87,JTHA471961582NHTVQGJ,1.016658884615256
88,B485471930339BHA5F7U,1.016658884615256
89,LB1G471926247BWHRN22,0.9714689952898659
90,DAK8471923715V43LZN7,1.0135908738653634
91,4LAG471919137CW0O10T,0.9770764751929325
92,MXVD471454728PE5GIXX,1.01402543452676
93,99YI471726446SUCX8IQ,0.958156632382118
94,02B9471886005MFRWNUY,0.9834564114574654
95,KIK2471893863UON675O,0.9478352080546122
96,2ZKS471887808IOU61MG,0.9671410450959737
97,9RI8471889023BW0CQZ2,0.9939812622480573
98,BOWH471836910P41V6Y8,0.9762958702266502
99,ZINI471851474SB5TEY4,1.016658884615256
100,JKZK471847933ZFJY7Q1,1.020817744970267
101,6UUC471843229OHT4ZN7,1.009894246369614
102,2NNI471814688TO3Q16W,0.973172802658831
103,DZ45471814877IA8GW26,0.9645914882657542
104,P5A3471803999Q7SZSUA,1.0077738364077693
105,SYV2471474505BYXWM04,0.976494039615957
106,HVUI471429260ON1VR9X,1.0488612901018686
107,PLWH471745809ZC6H1MJ,0.9800339614989482
108,DVCY471742717FJNVMBE,0.9632008661855159
109,NDL5471665534MONN4NE,1.0331723675489384
110,EMUJ471717749EBZ6Y1P,0.9840258865488795
111,2DKG471694774G6OC9MU,0.9478352080546122
112,UBTI471696199AA8A0A5,0.9513083351486286
113,K8DU471694770O9HS87V,0.9748780077491925
114,0AB5471683602YZ5TURE,0.9832568291266367
115,VDY0471674199L98KTKL,0.9834693993632103
116,GP6H471682036H4XOHB3,0.9832568291266367
117,80GL471668929LQ90XU5,1.0190321845194026
118,O2PT471668407QLD6MT1,1.0137966134271152
119,UQ0T471634917GX7J50M,1.01402543452676
120,FI65471659886IER0IGP,0.9904815053006981
121,PCF9471655297PII7WWB,0.9513669179495984
122,ZJYU471640117TIWPNBT,0.9447120140335166
123,VSJV471637901IXFRW4I,1.015444224562
124,9RWL471631650NTDHY6Y,0.9904815053006981
125,1ZT3471608534V7WKBWR,1.016658884615256
126,PXKH471613878RH0PUTZ,0.9315551595813867
127,H8GL471608452P205T3R,1.0079783952221713
128,CJ8U471613934KD1UGTA,0.9834693993632103
129,GZB2471608116LT55WVR,0.9532601565589678
130,G8HT471594849QZN75ZP,1.0077738364077693
131,Q2EE471597437V2FWME2,1.016658884615256
132,R5YU471564904CE80YKZ,1.015444224562
133,QHZP471567984Z1IEEY0,0.9380239328453579
134,CD4Y471559198T8GVS3D,1.0077738364077693
135,Y0T6471511669KZ3WEJ8,1.0878482145593382
136,XJPW471497127LA87UUD,1.0331723675489384
137,R96K471470626LFNB8HR,1.0077738364077693
138,GAWG471465679MHGKCEO,1.0488612901018686
139,9CO9471456165UQBVGQ0,0.9767144412596219
140,CQ40471454298VYSWXZ6,1.0077738364077693
141,0FTF471442957N3Q6LET,1.0168652469245114
142,CETG471433028G0JT6SL,0.9834693993632103
143,PJD2471309197NHJ7T9K,1.0168652469245114
144,C6HX471391678JK3CKUE,0.9595436676624297
145,QD8H471399094Z72OX5M,0.9842256249836572
146,PZSU471388669JS6IVE5,0.9800339614989482
147,PJR4471382443PX23GLC,1.0414358849422929
148,J1KI471383184BCBWTR7,1.0077738364077693
149,8J8C471378871JHV5C53,1.0752953323214776
150,AJDA471365384I4SFFFZ,1.0488612901018686
151,HH10471363210BGA999V,1.0168652469245114
152,X6Z2471357001XH6NBHF,1.009461456129153
153,PW55471355054HQ44GNT,0.9992140954963229
154,CCGJ471340468NQH0ZUG,1.0581085862598447
155,G59C471347989HGOX569,0.995935229324174
156,B8Y9471344263S01J0OD,0.9411250162392262
157,EVRF471341627LOYC5FN,1.0027447080861582
158,XWAH471338929THOMI3M,1.0916920060145061
159,XU6Y471332252C8RZ5JY,0.966385183884135
160,CIQA471305407NED5QBF,1.009894246369614
161,5POI471301177J16QPSY,0.9800339614989482
162,ZU48471289493DGQQNQ4,1.0006393095497692
163,WFQS471284989QR1Q5UX,0.9834693993632103
164,JFHC471264794QSYOODX,1.1070650907549586
165,GTH3471241993ZUYNLG2,1.020817744970267
166,9Q81471239300YIZAFGY,0.9480111135752248
167,FQ0E471230799JL5ZEA2,0.9478352080546122
168,JW9J471227279YDIG8AP,1.0258580319917703
169,18YZ471224112AFV7O5C,1.0168652469245114
170,WN93471197558UFYXY5V,0.995952549672961
171,2EV6471160352UNLV621,1.0135908738653634
172,ODMU471160102KMPWLL2,1.0190321845194026
173,932Y471149743TGMPKM4,1.0878482145593382
174,86QF471144014SWXCBHJ,0.9485765603444973
175,GAAW471096605IWE1AGR,0.9842256249836572
176,OZ3A471092406NFZTGRU,1.0669481738441833
177,CFCM471066149DINWLRA,0.9888845137908472
178,N4U5471040258ICTTORP,0.9832568291266367
179,151W471033458HQUIU5O,1.016658884615256
180,FGZW471040564WEEVY6D,1.026297851998418
181,PSN9471028077SPRPPGU,0.995952549672961
182,L3QW471018663VUK1S7Q,1.0008424201916715
183,9TZK471013722OJKN0RD,1.009894246369614
184,T1YQ471016399DDZKQVB,0.9411250162392262
185,G6DK471010261GRS8LPV,0.9904815053006981
186,6G5K474205197TW24DAQ,0.9840258865488795
187,HHN7474098166K2XRU5F,0.9840429997818179
188,2PE2474037244U6QY3SP,0.9411086493816504
189,XFA2474081076P510Y04,0.9834693993632103
190,2NMG474052771M5WNNGJ,0.9478352080546122
191,DR5E474018717K1MEAOL,1.0006393095497692
192,PWNZ474029973UC5NTJN,0.9992140954963229
193,P3AE473995250YV1V8KS,0.9798903259754898
194,SWDH473987610HIMGY8M,0.9832568291266367
195,R9PG473681588N9ONWSG,1.0190321845194026
196,UK72473683230X2WG9CP,1.0027447080861582
197,38XV473683258BHJCWIM,1.0008424201916715
198,YM2Y473675168KVCT4PC,1.0258580319917703
199,8EI1473668486MTD2BG1,0.9595436676624297
200,ELSV473665103H11C4AT,1.0676827875702903
201,AWLU473660762S1USMLL,1.009461456129153
202,TGN8473662190LKF86SG,0.9762958702266502
203,35Z1473656862WPQQ2XB,1.0506177149406812
204,WJJ2473663104A1GTBHV,0.9679763666484944
205,J8MM473660038G0GTHWQ,0.9943588860631117
206,6PWZ473655124P7LF5Y0,1.0135908738653634
207,EAC4473657655WV28PIK,0.9293037056987228
208,EMZD473658887WJHWIB6,1.0495461865765017
209,N294473657440ZIQLTOY,1.0082553952520807
210,JQAP473643977BFQXLZR,1.0549154911457181
211,S6P5473646830M5OZ8WD,0.9330889936453762
212,XLA6473407646RQGHV7I,0.9840429997818179
213,1T9V473399053GKLNJMB,1.0168652469245114
214,5EJC473380286EVLMPQS,0.9478352080546122
215,9XW3471289262IOMVDEB,1.0027447080861582
216,2PW7473349036R9ZEUGN,0.9697997991424958
217,WP52473344590QIQ8FB9,0.9840429997818179
218,AR0M473328496K10ES6V,0.9767144412596219
219,K54G473320410DMP79R1,1.0260662615520029
220,JJBU473319562TD8VPX5,1.01402543452676
221,5BWL473313213MFGFNW6,0.9800339614989482
222,RTSL473308232FH8MJEX,1.0137966134271152
223,0UHX473809137IQYA15P,0.9939812622480573
224,UXRZ473810415PP167YI,1.0258580319917703
225,MKNW473808818E9T81P7,1.0096663574980806
226,BTU8473804341QBFRZ46,1.0593947227350347
227,SBNL473800945Z54BQE3,0.9834693993632103
228,TJDX473779671AQZWFQ8,0.9961987285597647
229,OUFM473780033WKT82M7,0.970558331106401
230,8FIU473768585ERLUGVI,0.9762958702266502
231,3B9L473768245NVHW9IP,0.9770764751929325
232,LDX9473764282EYVBXKL,0.976494039615957
233,4X6I473122038RXV7OCV,0.9770764751929325
234,Q04W473097235MVN4FKJ,0.9904815053006981
235,QQ3L473053065PZ2S9VK,1.020817744970267
236,Q6DE473029022ORXLQVK,1.0233447119200154
237,SVMA473034003U9OTSAM,1.0168652469245114
238,FML4472992457R9G3ZJ6,0.9714689952898659
239,KIY6472967619LITBDFN,1.0077738364077693
240,3YW7472973015I3CPP9L,0.966385183884135
241,B7AC472970834D6YSX7F,0.9904815053006981
242,TEWM472944847RPNYDTG,1.01402543452676
243,NXP7472930682XWGL0ZT,0.9832568291266367
244,TKGO473738194LLDQ50P,0.9800339614989482
245,B9K4473724968BAO3373,0.9770764751929325
246,7322473729692F3QZ927,0.9889017115203618
247,2PT5473711152FKZTJXY,1.009461456129153
248,ANYB473723768V51G1DU,0.9679763666484944
249,JU92473712282MIUCM60,0.9770594831129914
250,BGA8473711718XTLVZTM,0.9961987285597647
251,FYPN473697913R144R94,1.0068466495296082
252,VE6L473695413HVBIGWR,1.0676827875702903
253,8RBF473642435EF7YMFM,0.9828847945199481
254,6XIF473642688KT3WAFS,0.9961987285597647
255,VA59473637006SXCVHOX,1.0190321845194026
256,TS82473624539IY7MM4Y,0.9332783928650984
257,GBC7473621589VQVLZ2G,0.9602941777608316
258,WXIE473617635BHPCI0J,0.9714689952898659
259,HOWL473618077VLZBSK6,0.9298261115414481
260,M7W3473615573LMZXAFE,1.0082553952520807
261,OT3P473599238FIQG30Z,1.0082553952520807
262,5U2S473590680SEZM0KD,1.026297851998418
263,59R1473586759Z8RXW43,1.0006393095497692
264,9767473582369T6JTHQY,0.9645914882657542
265,8XSB473574849O5Y8OMO,0.976494039615957
266,8FOU473574575A5DDICK,0.9330889936453762
267,MWVE473567823LDU3CY9,0.9679763666484944
268,A1CM473265934JP9YK7X,0.976494039615957
269,QFLO473249203L9GF0RL,1.1070650907549586
270,7LUI473241222SQZ81XH,0.9840429997818179
271,7LOO473240193CWWW275,0.9770764751929325
272,ZF9W473240750Y3C5XSV,1.0033015942147352
273,5575473231387WMMNJ1M,0.995952549672961
274,2B1S473216856HOP6N89,0.921182094458729
275,7DCJ473209312IZBXXQI,1.015444224562
276,F0R8473194120KQR5C4F,1.099227632251672
277,HTYS473181665GWGVBQU,0.9774783815326127
278,9M42473182540R44Y7EX,0.9866766367457321
279,3GR5473181425QSL7XKO,0.995952549672961
280,JQWI472057153D54KC5W,0.9397582319601816
281,8JPO473161095WRHZJY4,1.020817744970267
282,3BKY472916680TTVPTMG,1.0676827875702903
283,T1JZ472852233XQR9I1B,1.0135908738653634
284,V08R472882197URBK1NQ,0.9380239328453579
285,P8RB472883200PF3NN44,1.0027447080861582
286,43C8472865164QTS0O2Y,0.9767144412596219
287,I56Q472861741YUKTH32,1.0878482145593382
288,BPEZ472842389Y4L35CH,0.9364557425211121
289,TL9B472844988Y5INWVW,0.9992140954963229
290,40JY472817917WHZK960,0.9443982876833877
291,0T48472118417RV1SNNX,1.009461456129153
292,0KQH472785737P6TATG2,1.009461456129153
293,ZKHM472768371U6U74A3,1.020817744970267
294,OLMQ472737441H0N5PR5,0.9992140954963229
295,R3PF472749572LO2D93Q,0.9595436676624297
296,CWVS472740903YEBFVEI,0.9992140954963229
297,4WE0472733213XS1E7L0,1.0010683174378519
298,VDA9472705490JGE0UIN,0.9051798950945308
299,AKQ7471012870GVW1AE7,1.016658884615256
300,IGDO471025293W1GF6T8,0.9730788960113
301,8Z2U471016861PPI5OCQ,0.9714689952898659
302,5T81471026732IDQ8TFJ,1.0010683174378519
303,GPTE471032630C5BBIZO,0.9800339614989482
304,JUL0471041825LKLAL6L,0.9198540543753796
305,AO9T471030429B1IOB4Y,1.009894246369614
306,7RAK471049174OWFFJ4R,1.031537086206185
307,LNBI471027414QM2ZCIQ,0.9904815053006981
308,49YZ471056695T85GITW,1.009894246369614
309,OZHO471096032ZAL6396,0.9800339614989482
310,8YCZ471101964F1VWXKW,0.966385183884135
311,L2NN471118140U03J6RZ,0.9800339614989482
312,8UOA471150889VKUWUUG,1.0135908738653634
313,E2TP471153624TON4JRX,0.9767144412596219
314,416U471140428MI8HAHH,1.015444224562
315,IYKF471160252APCP88Z,0.9800339614989482
316,J31F471160143DF3CXYV,1.0137966134271152
317,V87Y471160204H7V4Z65,1.0006393095497692
318,ON9T471174178F1HOW0M,1.0096663574980806
319,NI3U471189878KL3R56C,0.9730788960113
320,OSL2471225248M3JT5AZ,1.0488612901018686
321,BLQB471239759N0E280F,0.9478352080546122
322,N4A1471251530TDD1ZJJ,0.995935229324174
323,A431471256681OMQGCD3,1.0010683174378519
324,7DF1471267165RPSYT0H,1.026297851998418
325,7ZQ9471294326HTYV8DH,0.9762958702266502
326,V5FJ471301319NTNCFJP,0.9697997991424958
327,H8UE471301765W5HFRDA,0.9762958702266502
328,OVWX471307241FW3A1NL,1.0331723675489384
329,MU2K471308813ZA4EI7G,1.0077738364077693
330,1RAE471319245T3T81SP,1.106840423318132
331,305Q471333605GQGUNES,1.0260662615520029
332,NJZZ471336639OUPT4CQ,0.9939812622480573
333,K0IT471336423PRA102H,0.9840429997818179
334,YX2K471338261EVY9DR7,0.9767144412596219
335,LCSC471339743WICUY7P,1.0752953323214776
336,QWS1471346464YWYX68N,0.9992140954963229
337,DA9G471351548BQ2TZAB,1.0331723675489384
338,UF8C471386582PFNRXAI,0.9800169179861405
339,DO7Q471382212KJCLQP2,0.9834693993632103
340,W34U471397455A3HDMPX,0.976494039615957
341,KHB2471403738RH40W6X,1.0008424201916715
342,P1MQ471394440CJWE0VG,1.0669667291818832
343,ZAWH471390461UZGCEI5,1.0752953323214776
344,NLH3471416043U5ZQIA2,1.0033015942147352
345,ZY30471428152BIK8JRS,1.0033015942147352
346,K3YN471427186L603ZA4,0.9939812622480573
347,E22P471478628MWHYQL3,1.016658884615256
348,MUFE471486282R8MNSMS,1.0331723675489384
349,8W1F471486094VMGLHHT,0.9772578075011087
350,8XBJ471490514KO4W35G,0.9447120140335166
351,VMZ3471529620H3SVSPL,1.0079783952221713
352,ZGLH471510018BUTA8X4,0.9904815053006981
353,13JK471494949WV4SOP5,0.966385183884135
354,5S9F471551790E8I9QE2,1.0233447119200154
355,T4O2471553875VE2AGGQ,1.0082553952520807
356,G57B471563738Y0NQ1K2,1.016658884615256
357,KV0J471561918FIC1QX3,1.016658884615256
358,0SQ9471581616F93XQF6,1.020817744970267
359,6X5M471575402BLZIXI6,0.9834693993632103
360,7WXJ471585044RUAS3OX,0.9298261115414481
361,PX3D471593407SCTZ78E,0.9671410450959737
362,ETKD471598714Y898LPE,1.01402543452676
363,U9U9471596268IZGDX9W,1.0210249514486334
364,75UF471628371IJFN3RJ,0.9904815053006981
365,0ENR471620127L6WDWLB,0.9714689952898659
366,4QRT471648461JYZ2KYX,1.026297851998418
367,LS57471650771NQVSIWY,1.0233447119200154
368,L7D1471653216ITHUT0N,1.0082553952520807
369,M4JU471654527N69US3N,1.0233447119200154
370,Q1T7471675060LVFBV7Q,0.976494039615957
371,OBPE471676790U7FP39L,0.9714689952898659
372,RP6U471711823ZPTOOM2,0.9714689952898659
373,OK7X471714169XH7JOC4,1.0006393095497692
374,1BZ4471731225XI164BJ,1.009894246369614
375,QQQJ471729359UENE5SB,0.995952549672961
376,II27471719126TQN8GHG,0.9053598407346497
377,4BC6471739475SWKC3M4,1.0033015942147352
378,4WLP471714801PRBXBEB,1.015444224562
379,A6X4471732134UAHJYCN,0.9840258865488795
380,A3CX471745920WYKCOO2,1.0008424201916715
381,N7KU471709719ZWEBK98,0.9714689952898659
382,KPPG471730708LBYS06J,0.9511152769381622
383,83QP471798526BDCXBNN,0.9762958702266502
384,LEGJ471808123V9BGV9B,1.0033015942147352
385,A1VE471822199O4EA0Z7,0.9823046804723733
386,ZK53471824817LFX2WI8,0.9595436676624297
387,72MC471839401R7SF16D,1.0414358849422929
388,K0OG471843955SSDB0HG,0.9478352080546122
389,SJ32471847458K0YVCWR,1.0581085862598447
390,RZNP471846085DV9HS1H,1.0168652469245114
391,OO2U471847576XIWW6QM,0.9800339614989482
392,EAFW471854486GR43XVK,1.020817744970267
393,7K1V471884418EONPFLZ,0.9840429997818179
394,OBYV471906668EM4DM9G,1.0033015942147352
395,ALA4471913350VHHZS1S,1.01402543452676
396,PXVS471913780G000MCD,0.9642284648155126
397,UQ3D471931209MKQOOVI,1.0168946969461696
398,PZOJ471925307GXBNFLN,0.9595436676624297
399,CUDW471943913ADQWW16,1.0414358849422929
400,JO7Y471951977Z32ATGB,1.016658884615256
401,8YLA472002347KOBF3JY,1.020817744970267
402,Q00W471993812MKN2YIJ,0.9730788960113
403,DY0B472023984F90780K,1.015444224562
404,LE9C472060503MH16NL2,1.0581085862598447
405,KMIT472073956Z2BGXSY,0.9904815053006981
406,INK2472092686US9KNZJ,0.9992140954963229
407,O6TM472092766OCC86TM,0.947491003588172
408,J25B472100344WM77A30,1.0033015942147352
409,OUCQ472120357PMSPCP8,0.9992140954963229
410,57TH472152920YDCXJRZ,1.106840423318132
411,1HLP472188531BV1BCWM,1.0117365053037846
412,4ZC1472208408MOAUSEE,1.0801468017782063
413,DBHH472218686IV3AJIM,0.9645914882657542
414,CPCA472512701QN4E5TX,1.0260662615520029
415,W2LB472516831IHOCZ1X,1.0581085862598447
416,YIXW472536345HZS6YMH,0.9709063080825509
417,K3O7472538017CGU6ZQ4,1.0495461865765017
418,GDNF472552572DKEX54V,1.0117365053037846
419,W0HH472566593V4ZYA9N,1.0033015942147352
420,WF4O472559752I3JYT2N,0.9992140954963229
421,JQB9472571887NSZGZ3D,1.0077738364077693
422,K7VI472577625V4VIR7M,1.0260662615520029
423,JNGC472578543RSGZZG0,0.9714689952898659
424,3B5W472588704W3T4F9D,0.9828847945199481
425,IE8E472615568S3WI70W,0.9992140954963229
426,LVUM472604970B5QLEAQ,1.0365400169648635
427,0C3A472641583PTFDWMX,1.0506177149406812
428,HCGF472639210HVYMHIZ,1.0878482145593382
429,DU3F472696257FQPJVKX,1.0168652469245114
430,Y9BQ472623916O0M58OC,1.020817744970267
431,JV0I472700614FTJWNIV,1.016658884615256
432,N01Z472667725JLFJIGU,0.9560173613097549
433,G1F2472706964XUOBG0A,1.0006393095497692
434,ADI0472708454A8INYSZ,0.9671410450959737
435,HDBC472707078Q68N3BL,0.921182094458729
436,0VL7472720413ATZZEMQ,1.0488612901018686
437,BZU1472724023HKJ1BB4,0.966385183884135
438,7EJZ472732673WT1VK12,1.0006393095497692
439,MC2S472738229VBZ4TSM,0.9961373851277598
440,3QKA472749991SOFR1K1,0.9961987285597647
441,QF2U472092307ERSYWRK,0.9840258865488795
442,3INC472736443YNOGACS,0.9330889936453762
443,SAJK472754507UQLVABQ,1.0077738364077693
444,69UH471380087NE9GSF2,0.9767144412596219
445,XH0W472803308G62Q3K2,1.0077738364077693
446,BY3E472806935QBC695C,1.009461456129153
447,4KN9472834982ORD346W,1.0506177149406812
448,XX55472858975CP6QSHQ,1.0077738364077693
449,B6B3472859163BKFYM19,0.9921401672560134
450,CUKZ472872464MBKQ6PO,1.0604748299598457
451,UL80472858350A30WJ4K,1.0006393095497692
452,WB2M472930564R31UBOW,1.0425627230158896
453,I318472969309Q8LWGKO,0.966385183884135
454,Z02H472951098DYIJ0CI,0.9800339614989482
455,AZV9472994237XRXW1QJ,0.9888845137908472
456,GMUD472921434Y0QIB0L,0.9893084820007404
457,ETF9473010565OY2MQ8H,0.9904815053006981
458,YT2Z473005556UT80I0H,0.9800339614989482
459,7Y2R473015413NZOXFGS,1.01402543452676
460,UOM4473040202H1PHOMW,0.9904815053006981
461,S90B473059272EGQ8YMG,0.9770764751929325
462,KDMX473057446M3DV0TB,1.0486404738130297
463,DNCR473056538HZCO0BV,0.9992140954963229
464,CWLV473091808EASWFCK,0.9840429997818179
465,06YT473164854L3TF3Z3,1.0365400169648635
466,TK5F473174276CQ8NMTO,1.0669667291818832
467,KMMN473177801U6GV00R,1.009894246369614
468,IDEG473189723MKFQ7OZ,1.026297851998418
469,34RU473202439LUX6PUX,0.9770594831129914
470,DBU9473212660CXJYN9U,1.0010683174378519
471,S7X0473201315GMCF93T,0.9832568291266367
472,HB5H473230498KBEY61K,0.9939812622480573
473,L59S473237143IL7PDLT,0.9992140954963229
474,J061473241336XDAU058,0.9889017115203618
475,KRWM472768562WKMY7W1,1.0010683174378519
476,YC58473229207I8UV32U,0.960056871543802
477,CZ5E473272819HY8QZ82,0.9478352080546122
478,W5V2473273177OW6O2EU,0.9645914882657542
479,7DMH473307269GYHYLAZ,1.0168946969461696
480,Y1CT473306610GFSYQJ7,1.0506177149406812
481,CJPT473312252PMOWBXB,1.0581085862598447
482,7MN2473323763U4J4PGW,1.015444224562
483,H36B473327080CAAQ47L,0.9714689952898659
484,18KI473338783SF7K6IP,0.9800339614989482
485,QA9Y471454341GB6ZJS4,0.9762958702266502
486,7JWK473357044Q5ZHZ89,1.0752953323214776
487,1315473376742XICTNKZ,0.9595436676624297
488,YAS4473375144AKYGHFJ,1.0033015942147352
489,8RZP473378979LD4EE1P,0.9796914673449115
490,ISI1473408867O70PSA0,0.9581501342025932
491,C7HE473417009H771ZYW,1.0752953323214776
492,JY11473413739J9UAVK6,0.9714689952898659
493,TR1M473431662PWYGUF4,1.0486404738130297
494,LJWZ473452899JO0XXAE,0.9249602222396589
495,JSI4473458616O4HE2YA,1.0068466495296082
496,ZX4E473455127OCIHQNU,1.01402543452676
497,1VKC473484015H891TOC,1.015444224562
498,QHDZ473487289C4TOJEW,1.0333820817793973
499,CM7V473484882QHZ9XXY,1.0260662615520029
500,H6FS473500148WCL0H3X,1.020817744970267
501,GRV9473533402FKVSK53,0.9904815053006981
502,375J473562516FJ7NNM8,0.9834693993632103
503,QF2Y473570533C3G1UCA,1.009461456129153
504,LL8K473564185MSBKQRG,0.9772578075011087
505,NOVN473574265TFFSKX6,0.9762958702266502
506,EJYC473587884IMI4YCP,0.9921401672560134
507,BCAA473597086XU4YGLL,0.9888845137908472
508,CQ53473585360H1Y7WOA,1.0878482145593382
509,52Z5473587744S5X39Z2,0.9645914882657542
510,DY15473605333EYPQMFU,0.9823046804723733
511,94SI473609215UA8NHJB,1.0594131467103702
512,P4TX473609523TFUOBV5,0.9762958702266502
513,DT4W473621463TSZC2MN,1.0414358849422929
514,KAEX473623883F3FLEZ5,1.0596097596020753
515,5FJU473626381VR1YNL3,1.0096663574980806
516,OH1A473628309MH3G62B,1.009461456129153
517,OE9Z473637221E9EIVZI,0.9418611201314734
518,K6UT473638888N577KEW,0.9411250162392262
519,F086473637876SUPNFD7,0.9330889936453762
520,5VXV473642074SHUDY1V,1.0260662615520029
521,A05S473640314JTQA989,1.0529672068372309
522,0EOC473642493GTJHF07,0.9268804121943909
523,AWOT473644972FPEKLWW,0.9697997991424958
524,90CR473644060QFM3ZOB,1.0168946969461696
525,PZSP473649368CUYC0CX,0.9961987285597647
526,S0AL473645296F0004A7,0.9231042570294707
527,7OR3473652904J24OCWA,1.0258580319917703
528,28M5473663077WKLRD93,1.0990045553461767
529,AHZR473674926F1TY03L,1.009461456129153
530,D7SD473668126A3HPEMW,1.0006393095497692
531,4AJN473681658DDI75AW,1.0190321845194026
532,2CG7473680077PR2IAQK,1.0082553952520807
533,FR5E473683857N116ORO,1.0135908738653634
534,G642473683098SLRW81B,1.0990045553461767
535,9NN1473689560RVDHPKW,0.9595436676624297
536,SRSM473691992JINJ7JX,0.9823046804723733
537,9CE0473701691KFJNL1D,1.0135908738653634
538,Q13F473686540A9OD6KF,1.011058698719383
539,NQF2473711449JO0IHVQ,1.0506177149406812
540,SU09473712499PHOK2L1,1.0593947227350347
541,XDRA473721771JARELX1,0.9767144412596219
542,XCJM473737169TMNE1ZO,0.9921401672560134
543,PTZN473739025W7U84AD,1.0082553952520807
544,U5PZ473743669F0FID3Z,0.9645914882657542
545,CM7R473743564ZX6RN87,0.9890852384340295
546,WSMQ473759118EKO53ZZ,0.9890852384340295
547,984W473761002PAMQJ6Z,0.9330889936453762
548,FNCE473764167I60TWD0,0.9330889936453762
549,WHBW473770080CB08EB2,1.0523457290488605
550,68J6473773627L3XGUIJ,0.9492492440054889
551,SMGE473775388KC4BPNN,1.0506177149406812
552,34T7473778367MKMKLCI,0.9888845137908472
553,N57B473780917KRN42O9,0.9770764751929325
554,7NBB473785504S02OJ6U,1.0258580319917703
555,RQZA473788234V8TAPJ8,1.009461456129153
556,ZBKG473785038S3KWD7Q,0.973172802658831
557,RRJE473795344Z4E26H4,0.9889017115203618
558,I5J6473795597A6UUPVZ,1.0676827875702903
559,R38J473802009NCDZ7GF,1.0258580319917703
560,YBQI473801686YWWZ8WM,1.0006393095497692
561,NQC5473808294D54FGRH,0.9628809999324149
562,QI4Y473808509ATDL8W7,1.0068466495296082
563,MQNY472330282XNDGJ64,1.0260662615520029
564,I54B473814281VRK35FC,0.9714689952898659
565,UOVI473810413SIUI54D,1.0190321845194026
566,89TW473828519WLE33TR,0.9798903259754898
567,98QQ473833975LH8C2E2,0.9645914882657542
568,7K6Q473832611BEEE9OH,1.0506177149406812
569,0VSK473846916DCRZM7G,1.009894246369614
570,SBT4473846579B5EW7VB,0.9762958702266502
571,97AM473847515PJ5I1ET,1.009461456129153
572,TMUD473850829UQEQS3J,0.9961987285597647
573,2QAL473856406IXZTMP2,0.9888845137908472
574,MT1K473849634KGTUVZR,1.0096663574980806
575,858R473861628ZR9O2P6,1.0752953323214776
576,2SHV473864674OTBO1FD,0.9170781752974879
577,BNO8473874103HN7JTFR,1.0260662615520029
578,HIFM473870517ESFCHI6,0.9770764751929325
579,ZLK7473879359DASQNO0,1.015444224562
580,AJBJ473895195K5EVWZ4,1.01402543452676
581,N5JK473896341TCJE1E6,0.9732764124163678
582,661S473904294CVUPZ8Y,1.0292018401604444
583,W27F473905116NGMMPH3,0.9762958702266502
584,ZNIK473906778FY3QLC8,1.0008424201916715
585,TTJQ473925920S30FE6K,1.0068466495296082
586,PE86473951813R0NQ9UF,1.0260662615520029
587,9S8A473986714NXZEY5E,1.0008424201916715
588,YMS7474022056VBZSAVR,1.0008424201916715
589,BD4T474032495DB4T9XV,1.0027447080861582
590,DGET474036284HPJ60P7,0.9832568291266367
591,ZP6Y474026571IFASKV3,1.0079783952221713
592,ETMI473998129GOA82YZ,0.9772578075011087
593,ZOO0474064828Y5XL2NW,0.976494039615957
594,V7ZS474072738DMBFF5F,0.966385183884135
595,BMA5473968118LLZDMI6,0.9679763666484944
596,I0AM474172057A201CLI,0.9714689952898659
597,WBZN474203689KYRILSY,1.0168652469245114
598,JQ9P474208121O3ZEDAW,1.0581085862598447
599,KUG4471009861T03FPQP,0.9732764124163678
600,4W2R471019026E3EIVGS,1.0077738364077693
601,0W1X471033282BQVJ5LP,0.9118150279716785
602,MKNJ471027207XMDHUK1,0.9714689952898659
603,DBM5471021890THK7M36,1.0624370054742782
604,21RF471049296JQEKTBL,1.0010683174378519
605,1KIA471060266HR7GR1C,1.0033015942147352
606,3YS5471084052OMM2VIC,0.9411250162392262
607,11LA471089260LSLVGGK,0.9904815053006981
608,6AM0471097337T6AGDRQ,0.9800339614989482
609,646O471120583LU9MIVX,1.0027447080861582
610,TZ69471132410YAMJ5KC,1.0027447080861582
611,NH22471120117R8QYFDA,1.0570294179320734
612,1C04471145380W5HU4FT,0.9904815053006981
613,Z49U471145568OPUQC1F,1.0006393095497692
614,X5U4471169895CARTM20,1.0010683174378519
615,VKIF471178975X4GZZ95,1.0258580319917703
616,86WQ471187588NXKCPPE,0.9800339614989482
617,4NQJ471201552SZ5H4PQ,1.016658884615256
618,WN7I471238172DTDL40N,0.9774783815326127
619,7T5Y471240266GGUP3VD,0.9511318178213928
620,IEEK471244822HDATAYJ,0.9992140954963229
621,D31W471252125VXGFPXR,0.9834693993632103
622,3BSI471243483JOSPT4D,1.0082553952520807
623,KJ4I471283261RKAQ5RN,0.9992140954963229
624,7AGL471289501HZTAG66,0.9770594831129914
625,3179471300020DWPNU8I,0.9904815053006981
626,BZ8E471309044D8BKEC0,0.966385183884135
627,BRW9471327164YFG0Q2H,0.9411250162392262
628,JNS1471331907ETJKNGY,0.9992140954963229
629,J68J471331101IH39UDH,1.0077738364077693
630,D3TQ471335144T4DIYG6,0.9921401672560134
631,GOZA471341551MH3OHAR,1.0581085862598447
632,PSC2471339834IPVC2SS,1.0581085862598447
633,HLQ1471354962LLMSFTD,0.9714689952898659
634,LYH3471365872G6LOVV1,0.9714689952898659
635,J91I471367666RQOIBSW,1.0006393095497692
636,AXCG471380714YQWPVCN,0.9800339614989482
637,G94C471393399TFYW7PS,1.0581085862598447
638,L2A3471396705CRLW74X,0.966385183884135
639,YXKH471395709NKX5RN2,1.0077738364077693
640,GQQ8471421095EUG64LZ,0.976494039615957
641,M9AG471427463OJ36MZB,0.995952549672961
642,19VP471398967JU9OATA,1.0096663574980806
643,3VJN471431611UCP0E5N,0.9888845137908472
644,3DM4471438188GVWOCN0,1.0669667291818832
645,GLCT471448146K7DG2FV,0.9714689952898659
646,2YE5471455782NKEKJPF,0.966385183884135
647,AU38471468123KTX6EG3,0.9992140954963229
648,7SMA471494361X6KBU2D,1.0258580319917703
649,O6F8471488631WILEOEG,1.0488612901018686
650,0JQA471492614TRTIU1A,1.0333820817793973
651,AWHZ471483247EIDI63T,0.9762958702266502
652,EIER471521758KBX2WRW,1.009461456129153
653,4IQC471528703UOGXQFP,0.966385183884135
654,LOJL471536396TJ9HOSM,0.9834693993632103
655,A43N471549476VX3NIQC,0.9840429997818179
656,2GIU471565308SSA96F2,1.0233447119200154
657,DXSZ471563831FG6EPTJ,1.0331723675489384
658,GS25471584686DZ9XNSP,0.9834564114574654
659,HIIU471607907NF1UFXO,0.9921401672560134
660,Z2V0471545586U06ZQ77,1.0258580319917703
661,KJXU471606650GHZNUD2,0.9767144412596219
662,W4QP471620111RNOZIYJ,0.9832568291266367
663,U406471635603CM8CSQF,1.0079783952221713
664,RYNX471642756NEGNF9G,0.9714689952898659
665,72ZT471652934AD5MB5B,0.8987716812279226
666,GBH1471626877RQDPSVL,1.016658884615256
667,CI4Z471689254ZFI2IOA,0.9992140954963229
668,TF2N471702834ZDS8HVB,0.995952549672961
669,7K2F471709366SCG8ISX,1.020817744970267
670,HPUH471706192YSUITHI,0.9714521007281326
671,DG4K471721498P1VM07E,0.9904815053006981
672,UXPX471731239GSMKTEM,1.016658884615256
673,VKUZ471726587QW4HTNY,1.031537086206185
674,L7OH471727598EM6B4H4,0.995952549672961
675,VJCS471748513WEOCVLQ,1.0581085862598447
676,WZUU471757807V0X70RZ,0.9645914882657542
677,5DD1471753493X98UQET,1.016658884615256
678,20P3471770918P3TA1S6,0.9834693993632103
679,TRCV471782792VTILK1U,1.0008424201916715
680,8PS9471775796TB69R8M,1.0006393095497692
681,6MUA471802186LFPIDMB,1.009894246369614
682,WPPF471790538MB80LEI,1.016658884615256
683,54SG471756856NY3JV9M,0.9800339614989482
684,9T5N471812435SPWB6NS,0.9334890404302029
685,L7NS471829939CXXE7OL,0.9939812622480573
686,IOSM471822234ZB89JUN,0.9478352080546122
687,GLCQ471838945UN01MDG,0.9714689952898659
688,W928471848730HX9IGGG,1.0077738364077693
689,LHEM471836654DLZO69H,0.9834693993632103
690,BSXR471889540OGIBRVH,0.9800339614989482
691,9522471918253KN6VKZR,0.9714689952898659
692,6BRO471925817BE9FFTF,1.0506177149406812
693,PS6X471956269X6TYDTT,1.0168652469245114
694,4UE6471950141DR1K1D2,0.9714689952898659
695,WBEY471944225J9MHQKM,1.0010683174378519
696,AGMH471970098PVXKKQI,0.9767144412596219
697,ES85471996368NTBGYPM,1.0079783952221713
698,UHH3471996985NJKRTIT,1.0160999511726931
699,RAU9471905938UIQ64TC,0.9904815053006981
700,6SZ6472028463A2647UT,0.995935229324174
701,KFR7472049545SEIKLPU,1.009461456129153
702,C8TZ472059172HJ81LQY,1.01402543452676
703,Q5IO472068871TWAF4YJ,1.0027447080861582
704,9Q1J472082374EOLBEON,1.026297851998418
705,WM6P472066681YHKSWQ8,1.0006393095497692
706,DUU9472088390PCP79N0,1.026297851998418
707,8567472140242HTADM5V,0.960056871543802
708,QXDM472166221Q8GBSJZ,0.9939812622480573
709,VSAW472170553PBJR82Q,0.9992140954963229
710,SYPU472176374C164QTE,1.009461456129153
711,157P472190920E005RPL,1.015444224562
712,9A7I472195200FNPHPDN,1.009461456129153
713,3426472153004BPPWFZH,0.9801114941851197
714,8CKZ472507761MSQWEX7,1.0331723675489384
715,EZXN472528371W30OQFQ,1.0260662615520029
716,3Q17472520027NE49W14,0.995952549672961
717,9Q70472527953MVT14ED,1.0994757357393345
718,3K2A472519631KIPXA8K,0.966385183884135
719,VDQS472552032MNPPZBI,0.9632008661855159
720,BK09472566456DEVCAIJ,0.9679763666484944
721,6BXR472564015V7JPDLO,0.9697997991424958
722,NCOT472592697TWXI3IN,1.0068466495296082
723,QFVM472632755D6UBTJ7,1.026297851998418
724,N9BR472631432EE08T56,1.0196339885186325
725,69GL472660837YB0BLEQ,0.9939812622480573
726,KM2U472666438XNYXBCG,1.106840423318132
727,T6HF472684858B93UMIT,0.9485765603444973
728,AFMW472688160LTYX1NJ,0.9679763666484944
729,IO9B472678090JM2JBVP,1.016658884615256
730,L8R0472682375S77SW5G,1.0488612901018686
731,2DI1472694617FMT920E,0.9921401672560134
732,CEWV472670922RM5DTVT,1.0878482145593382
733,4R9O472711767KTONMJ3,0.9679763666484944
734,H2JD472710784AENBO0W,1.015444224562
735,CQDX472743293FHRYEHI,1.009461456129153
736,1ZYP472724714P81XGCM,1.0414358849422929
737,OSMR472750908O6KBCIA,1.0669667291818832
738,XA5F472767567GXHRB12,1.0135908738653634
739,HC67472772027NXARIDW,1.0331723675489384
740,1JLH472798690VBNFU9C,0.9800339614989482
741,UJAX472829764GYGOXP6,1.0010683174378519
742,3V8F472824334O8MS8GP,0.9801114941851197
743,SY1Q472859138DSWCVAH,1.0598489210543582
744,22CY472872378MHAY6RN,0.9800339614989482
745,59G1472885845FKW8GRL,0.9714689952898659
746,LEJX472907473BW56DQ1,1.0082553952520807
747,SMNI472908613V22IR2D,0.9992140954963229
748,X9SG472944000ODKPXBB,0.9904815053006981
749,NW40472932825BGANPIS,0.9840429997818179
750,6ZDS472826633HQCH561,1.016658884615256
751,SHZT472960068KD49TTW,0.9823046804723733
752,80B9472973339ALFGI6D,1.0331723675489384
753,NTHP472976400M2JL3QG,1.0096663574980806
754,77GW472994080WPR939J,1.0331723675489384
755,EANN473004262YNL4RZK,1.0079783952221713
756,YOD8473000522R847JIJ,1.0331723675489384
757,N3EB473053918T7ON18N,0.976494039615957
758,LJNQ473052261HUFAC9D,0.9478352080546122
759,NLVT473101749RNWSRAI,1.0624370054742782
760,TYQP473123518M4MTUFP,0.9842256249836572
761,UBVG473115398ZJK4UHQ,0.9697997991424958
762,25UJ473141794T3SX08P,0.9800339614989482
763,ECV5472997275L6ODSF9,0.9714689952898659
764,RUPV473158158ILE7GZT,1.016658884615256
765,C7WU473160176BQ1LC23,1.031537086206185
766,OM65473162962IW8RVN3,1.016658884615256
767,DYYE473195798JT41JXJ,0.9447120140335166
768,Q5DW473198724M6K8BEI,0.9800339614989482
769,UL4R473202213S3OMJPQ,1.016658884615256
770,SZ29473210458TZEHUDO,1.0033015942147352
771,6B99473224954VFCSXCO,1.0506177149406812
772,AYKJ473242590AYL2GN9,1.0594131467103702
773,QJEV473255959Y3CNZFU,1.0506177149406812
774,XQSD473254028SSBBT72,1.0212302500125268
775,LUQ0473266223KN81TBW,0.9683913708291286
776,IS91473278077G8HMXJO,1.026297851998418
777,YVQG473304152A4P23UD,0.9921401672560134
778,IBVP473303245FC6F169,0.9904815053006981
779,62O1473305135S8FJUGP,0.9834564114574654
780,XEU4473317687C0XGO7G,1.0096663574980806
781,ZAEY473321344P3DBC2R,0.9834693993632103
782,UIDI473333276N7J4B1T,1.0331723675489384
783,BDHJ473343500V9SCOZQ,1.009461456129153
784,AHVA473344096C4SB30Q,1.0010683174378519
785,RQ04473356467MUP94L7,1.0488612901018686
786,2AI9473361501XPAS48R,1.0033015942147352
787,1BHJ471442662IZPI2S0,0.9697997991424958
788,41MN473401933G8F0L7I,1.0258580319917703
789,8DMJ473428926VFLXMOA,1.009894246369614
790,EGH1473437707FE2YWKE,1.026297851998418
791,CDDO473456357OGT7RPI,1.016658884615256
792,A4HI473474418RSFGQ7R,0.976494039615957
793,69EW473485819BFA2TY0,0.9734960878187098
794,RLLW471187176H1WSH2Y,1.0878482145593382
795,SY2Y473489516IKHDUI3,1.0190321845194026
796,8I0I473487405WL0BBO8,1.0033015942147352
797,ZKB6473494031VREDOGW,1.0077738364077693
798,8E6Z473495457WS7CGZ7,1.01402543452676
799,3PS1473522423BL46ARL,0.9170781752974879
800,EIAN473508649BGDMD6Z,0.9671410450959737
801,4QOF473564507CL38HDH,1.0008424201916715
802,G1DN473563553CF27LKX,0.995952549672961
803,HL3A473569027XABJIZE,1.0292018401604444
804,F4NM473570616RK7JYNS,0.9443818639012088
805,DSRW473579366RC80KLY,1.0006393095497692
806,WUL5473605479X767F8M,1.031537086206185
807,AT9F473609808CXLRF5L,1.0258580319917703
808,RAZF473618233SC0D406,0.9961987285597647
809,XPXK473621389U0THDHT,0.9645914882657542
810,ZUAV473626399E88IF07,1.0593947227350347
811,3W2X473627994JZXF5J8,0.9921401672560134
812,SEFH473632348JAQYEF9,0.9961987285597647
813,0WV1473632664CUDGH36,1.0676827875702903
814,130A473631711N9LNXW6,1.0190321845194026
815,YX7R473637619GYLXRE2,1.0033368932837399
816,S3LH473632866IGULZSC,1.0135908738653634
817,TQF0473641938IZTSYTB,1.0068466495296082
818,I667473644048PSXK943,1.0292018401604444
819,D26K473645208CXECXUG,1.0916920060145061
820,G1ZC473643762AZPHGKV,1.0082553952520807
821,ONJN473653748KZMDS16,1.0258580319917703
822,8394473661354Z8Y0QKX,1.0117189104603765
823,78BZ473664780CAJIGDF,1.0137966134271152
824,QTCN473668483VHR9LIX,0.9889017115203618
825,H9S6473670135ZGJUOFY,1.0258580319917703
826,SPQE473674698NJIQWJR,1.009461456129153
827,9GWS473675629IBUMSI9,1.0068466495296082
828,GTGB473669865T68I17X,1.0190321845194026
829,2CAX473672000TO86M5G,1.0027447080861582
830,92G1473685685XEBDSLM,0.970558331106401
831,WM8A473685830AEY6TJ5,1.0127518192765885
832,WUBB473701622KN37Y9N,1.0258580319917703
833,S1AO473707020YQJ3EDS,0.9679763666484944
834,KXKJ473710456RU4DGIW,1.0333820817793973
835,LUHY473711465JZH3VO1,1.009461456129153
836,7SE1473711442TBHXX6W,0.9823046804723733
837,A78X473707310V5GGZUO,1.0990045553461767
838,AYTZ473668960U6R596Y,1.0190321845194026
839,11RD473716760ZTOKL6Y,1.0137966134271152
840,1ZEL473708531LTVJPWH,1.0006393095497692
841,GWR5473721859HKW0QOG,1.0077738364077693
842,XXSL473730104GLOI2WF,0.9602941777608316
843,E9XD473728522HNWAVYK,0.9595436676624297
845,NNW0473734522XM6H1GJ,0.970558331106401
846,CRC0473745537NAH06J9,1.0082553952520807
847,UW6E473766227H8TWBFX,1.0258580319917703
848,M0HE473768067O56DE2N,1.143811532017002
849,RUDB473773138W5BHYRK,0.9418611201314734
850,K7TZ473751030RWIXTF0,1.0676827875702903
851,WBNC473780667KX7SYEU,1.0331723675489384
852,VN2O473782619RU41NGF,1.0190321845194026
853,QKLB473784055LPVEOWY,1.0135908738653634
854,X25L473792105JP7XV6I,1.031537086206185
855,JD4E473792601RZUY3CF,1.0137966134271152
856,WM46473794259Z60J15T,0.9170781752974879
857,UM0R473794087F1MYT6J,0.9888845137908472
858,NWYD473795169DEO9P3L,0.9628809999324149
859,26EE473802558HRDYWIP,0.9418611201314734
860,5PYB473803546TOZ34MJ,0.9268804121943909
861,DC51473809380CPRONCC,0.9770764751929325
862,ZV67473812332ULDKB3T,0.9443818639012088
863,LEOH473816313SHJX2BI,1.0676827875702903
864,6RFM473826329W1WLXPF,0.9332783928650984
865,5A9M473826509CSDXXNO,0.9628809999324149
866,QWHK473839218CWZ48J9,1.0096663574980806
867,GB8R473832421W5BY6RF,0.9563818933156262
868,WJXC473841730CWP4IWJ,1.0082553952520807
869,60A9473841766HZG9S82,1.0135908738653634
870,BF2W473841846VA2GXRR,1.0068466495296082
871,SZJB473849350ZJK85YC,0.9485765603444973
872,SWTM473851973RQ8VDCK,1.0676827875702903
873,JY4W473858707SMFTMBH,1.0135908738653634
874,XFFL473857446C32MACW,1.0260662615520029
875,3AJT471822723DHEI6ND,0.9714689952898659
876,FUIQ473881567ILE63K4,1.0233447119200154
877,UGPE473891916DOINOJA,0.9921401672560134
878,N19M473892901KLQRPEP,0.9762958702266502
879,YZD7473896076LDGRZ92,0.9602941777608316
880,EIJT473902151KQWJ1Q6,0.9961987285597647
881,3DJV473915692HB0LWUL,1.0190321845194026
882,A8ZV473923112EQ8JFH4,1.009461456129153
883,UAN2473902625QNG4E47,0.9939812622480573
884,FRMJ473964110GYV3SX3,1.009461456129153
885,U28I473964818H3NHMJ8,0.9961987285597647
886,XBOC473979553ULN8IS0,0.9478352080546122
887,79SF473995489WKUUHQT,1.0190321845194026
888,8UEP474006839VUTN0KB,0.9788460361694299
889,591B474029976LD90710,0.966385183884135
890,ZCUP474029961B3TZW37,0.9834693993632103
891,26GY473993047WZSBUX7,0.995952549672961
892,OVBV474023227UHKD8XE,0.966385183884135
893,5NPS474102217PULWYR2,1.0010683174378519
894,KX39474300743C37YCBE,1.0135908738653634
895,MY70474313564BAJ248F,0.9834693993632103
896,O4KB474357582SY4HYLH,0.966385183884135
897,4WD0471012969HVMG3HA,0.9447120140335166
898,AQ28471015351XQJ51UE,0.9904815053006981
899,C9VK471019076PTYYJXW,1.0412166319206138
900,V3RM471039342DAID0UE,0.9889017115203618
901,G0UU471039546IGN0K28,0.9904815053006981
902,S9IL471059439ICVDSXP,0.966385183884135
903,B86J471070200TBLOQAC,1.1001250468257506
904,M869471110586UHCF28W,1.0077738364077693
905,DIDT471122879RL0ZHXK,1.020817744970267
906,FEKC471119858CYVPU50,0.9832568291266367
907,QWRL471117804QBXCMC7,1.009894246369614
908,4AOC471133522OIRKSR6,0.9767144412596219
909,WPQF471135521G2RL85L,1.0077738364077693
910,9W9L471140980JADCIUO,1.015444224562
911,5QBN471135675HIHWKNE,1.0331723675489384
912,4Z18471149433GME6W0H,1.0916920060145061
913,KZRM471154553PSO827J,0.9595436676624297
914,GXSL471189777ZRNB9HU,1.016658884615256
915,RH7O471187939K7DGLOW,1.016658884615256
916,0B0K471191054VOV15F7,1.009894246369614
917,4IG5471183866ZVL4WDO,0.9992140954963229
918,IJ8I471204356HJS6V0A,0.9392104452116734
919,H4I9471200929U0P142N,0.966385183884135
920,BEHD471232882MSMVDPN,0.9323597455371849
921,2OOA471259734TQ04VDF,1.0801468017782063
922,Q1ZD471273209SII86WE,0.9762958702266502
923,IXA5471274530XXUOM94,0.9840429997818179
924,AKJ5471294517WHHMN9X,1.0488612901018686
925,QFG7471321457BI45SB3,1.0331723675489384
926,A7WW471327328XLYM4CW,0.9939812622480573
927,4MUT471331127L1ZWPGE,1.0506177149406812
928,R194471333819VVP5V9B,0.9800339614989482
929,MSK8471332554Z26ATQH,1.0331723675489384
930,ECTG471323337BBXBSH5,1.026297851998418
931,TMWP471337129SRPI62J,1.026297851998418
932,ONSG471341086Z38L2LJ,1.016658884615256
933,FFEL471358803LQ67F0Y,0.9645747133089368
934,UD1I471391487JCQIHG9,1.0008424201916715
935,RYD2471395508PHD4ZQM,0.9443818639012088
936,MSXS471407080FM6EMKX,1.009461456129153
937,HFX0471397848SMBUVEI,0.9904815053006981
938,CHET471426329C1WJRW2,1.0077738364077693
939,1SPC471423064B1YQ7OW,1.0581085862598447
940,DC01471432554JOSXWEF,0.9904815053006981
941,CT9P471423405VOZMI9U,0.9834693993632103
942,XBOY471449841JLT19Y7,0.9645914882657542
943,5Y2S471447536DZ4F1VC,0.9904815053006981
944,9VX6471456808FLBELZ2,1.0168652469245114
945,IFDM471470053XQRVBDH,1.028511589629491
946,HALL471481232BLOYNE8,0.9889017115203618
947,65NA471491779LNIMTS1,0.9511318178213928
948,OYIO471359726ZE121BG,1.0033015942147352
949,JIY7471498140U5235U0,1.01402543452676
950,0NAW471492453MJOMDG7,1.0077738364077693
951,KM6L471503516Z56LL5Q,1.009461456129153
952,IEBL471504229RRRHUP9,1.0077738364077693
953,NRD7471534470RP6N8X4,1.0233447119200154
954,311M471571922EBLPEXD,1.009894246369614
955,O8OL471574109DUD38G2,0.9904815053006981
956,U5BC471564971AJQ77AP,0.9904815053006981
957,KPXN471578776AB6RZJL,0.966385183884135
958,YYI8471596081CKYZH9W,0.9921401672560134
959,Y28C471599370MELIBZ5,0.9767144412596219
960,1DN0471586608NSX98XB,1.0878482145593382
961,R417471593316EI8VDAI,0.9051798950945308
962,BMWV471632931FGNOWQR,1.020817744970267
963,AYT2471645158DK0M75Q,1.015444224562
964,O00L471630121EXWT1FN,0.9714689952898659
965,PIGW471667779ZXBUAS2,1.0258580319917703
966,IDQ2471551277OTGA44D,0.9800339614989482
967,8MWY471674070AM411TI,0.9832568291266367
968,VWF6471674545IPN2NTA,1.016658884615256
969,IMKM471692034OHVEVZ3,0.9992140954963229
970,SGYY471704775OWT02E8,1.0260662615520029
971,IYNB471707004UBHTY18,0.9832568291266367
972,AQR6471709517C9FK8VV,0.9714521007281326
973,Q9GK471728738VPZ2YAX,0.9277500938680084
974,BTEC471727361D0UBAGT,0.9800339614989482
975,G14N471731101OX4VG62,1.0006393095497692
976,YFUB471733231TA05JX3,0.9411250162392262
977,RXWX471746618W955LCW,1.0096663574980806
978,UN7X471735276FGRQ4H5,1.0160999511726931
979,BRHQ471629064EZGKS6R,0.966385183884135
980,8W03471787251KNAOR94,0.9868769132321021
981,4WCB471780422DFGJM0U,0.9411250162392262
982,7YFR471791940XN4UJD4,1.020817744970267
983,TN4Q471828528VICZJ9Z,1.0008424201916715
984,81GN471846083Q3N8KO9,0.9645914882657542
985,AIII471851293WHD0BB5,0.995952549672961
986,530E471870100Y79B7GE,1.0752953323214776
987,3OXD471866859KX8H2RP,1.0033015942147352
988,S8O2471860925YZ3L00C,1.0581085862598447
989,0ZVH471899514EF86L7P,1.0077738364077693
990,L9XR471901475WIRZMBS,0.9888845137908472
991,EIPH471902916K1CUN4K,1.0549154911457181
992,XKQ3471925148CJY566C,0.9714689952898659
993,YG31471948294JD8F3HO,1.106840423318132
994,DCOO471951823Q6B6YP3,1.0082553952520807
995,VBUC471965928U12IFF6,0.9714689952898659
996,F9AI471940656VQT4MXF,0.9730958188646943
997,W1Y4471965200BRNQMTM,0.9840258865488795
998,0KJF471998932XA8YW7Q,1.0624370054742782
999,Z006472026744HVT3ZMH,0.9415121344639116
1000,M6M2472020180OL9719V,1.0488612901018686
1001,7IFV472040919T778C5F,1.015444224562
1002,GLD4472041514UH41QB7,0.9939812622480573
1003,A60R471993810L1G5JMS,0.9788460361694299
1004,5WCS472046242OVXQ15W,0.9834564114574654
1005,P2IX472062554H6Z3P0I,1.0027447080861582
1006,J16R472093721NTV683C,1.0077738364077693
1007,E4LP472133448TMKL89Y,0.9961987285597647
1008,04GP472119401LZBHZZR,0.995935229324174
1009,7HQO472146329MWRUOLR,0.966385183884135
1010,U6MN472146909SGOKJ75,0.9671410450959737
1011,WYKM472167884OW1YRP7,0.9364557425211121
1012,E04O472178039V12X7W0,1.0033015942147352
1013,6L1G472178112XT5D5R5,0.9834693993632103
1014,RAQR472200048O0THZLF,0.9904815053006981
1015,OA7Q472177881NKXPOY1,0.9348467067977111
1016,HV5O472220268LZ583FY,0.9939812622480573
1017,5XBT472512748KGITGXW,1.016658884615256
1018,17IK472515676M6TAAQA,1.0135908738653634
1019,E6YY472521266PT2PSSZ,1.020817744970267
1020,RL1J472548372GCV0WIT,1.009461456129153
1021,WL34472539496BC8OSBQ,0.9834693993632103
1022,V9CU472552787TD78HJ4,0.9730958188646943
1023,XL0E472565468KPS1LG1,0.9447120140335166
1024,B7ZA472571149UQ51ANJ,1.016658884615256
1025,4GSX472583284QLA2IB9,0.970558331106401
1026,ESP0472587920L1J9GV0,1.0624370054742782
1027,YIK2472609149RS7HE4B,0.9840258865488795
1028,SIJN472610489KE4PLSW,0.966385183884135
1029,M258472629790LVKK6I6,1.0258580319917703
1030,ID3F472633201M40MQIO,1.0117365053037846
1031,9LIU472635105FO86N6S,1.0669667291818832
1032,SDD6472666085G9RV0HU,1.0033015942147352
1033,YQLK472688336CBJRL6L,1.0878482145593382
1034,OJNC472700419QY2SOMT,1.1519668723257255
1035,SKDF472706930H4W1RJI,1.0331723675489384
1036,93LT472711266EBVIPRX,1.0878482145593382
1037,5OEI472712092MJX3X42,1.016658884615256
1038,7KY5472723852YQR1B12,0.9770764751929325
1039,OUMP472751741BJNSS6K,1.0068466495296082
1040,5PS1472781080LCF97H6,0.9748780077491925
1041,BA9J472794751O2LSB1W,1.0079783952221713
1042,S8TQ472790986KCFRVZP,1.0414358849422929
1043,UXUF472795880HF54B89,0.9714689952898659
1044,ZZS1472824002IPDBQZU,0.9921401672560134
1045,5OEJ472840614BVGUHDC,0.9834693993632103
1046,KM4A472858699ZG22JHM,1.0082553952520807
1047,SAGI472529207A9P9PUP,1.0488612901018686
1048,UJMG472802612Z6PT5HH,0.9730958188646943
1049,UHRH472924560NL6BY33,1.0010683174378519
1050,HSSL472921726CG6LXP7,0.9478352080546122
1051,7NZO472983504PQ6E35W,1.020817744970267
1052,36Y6472988126Q3UDEX7,0.9762958702266502
1053,EZED473012187UZVJXV6,0.9748780077491925
1054,JZ8O472813352FQI8ZPJ,0.9961987285597647
1055,FX5B473034684SSJZPTM,1.015444224562
1056,3PVW473039649W7FT05E,0.9992140954963229
1057,MV45473051853ELK0FC8,1.009461456129153
1058,EEU8473053987POP4WBE,1.0077738364077693
1059,4LTL473075096K5R8KEB,0.9904815053006981
1060,TR7T473087933EIJJG1G,0.9624211126223926
1061,D1P5471521621B9DWWBD,1.0168652469245114
1062,DNGL473119304J0ES84W,1.0117365053037846
1063,VM6O473040394AMX80L0,0.9447120140335166
1064,X6JQ473153888FO08OOU,1.0331723675489384
1065,3RJR473187440Q9CSZH2,1.0199727079486194
1066,JKEE473165097E0GL2VI,0.9767144412596219
1067,RSXG473201553Z1N3DAA,1.0190321845194026
1068,81IZ473206631TEXY3S5,1.01402543452676
1069,55ZL473224147YWY4GG9,0.9832568291266367
1070,OWUU473224548X8PTTDC,1.0079783952221713
1071,WF68473216273OLU1CDV,0.9992140954963229
1072,SSJX473231968GIBTO1P,1.106840423318132
1073,LME5473249548VR83YPG,0.9939812622480573
1074,LGX2473254056FM3LSR0,1.0096663574980806
1075,RBX8473261114RTPW71Y,1.0269039468412653
1076,92TB473224309Z92F0FF,0.9213530535184137
1077,ADTI473281401ZAWZOM2,1.0033015942147352
1078,LLLJ473286895S1OWL88,0.9443818639012088
1079,ZWUE473307288UAHA8A3,1.016658884615256
1080,EZ13473309749NVROC9V,1.009894246369614
1081,ISC1473321953TW2OYPP,1.0331723675489384
1082,VELR472959784IWSA7RR,0.9796914673449115
1083,IIIE473343003AC4HCZE,0.9772578075011087
1084,WPQM473347848XXGN7WI,1.009894246369614
1085,OZJ9473361496BTCX0K6,0.9511318178213928
1086,GJD1473380550LL90R64,1.0137966134271152
1087,XBJB473380243P33F0H9,1.0006393095497692
1088,NX04473389484REQM1ET,0.9834693993632103
1089,S336473399119QJ1H48M,0.9992140954963229
1090,ZCTW473395248E2W25GW,0.9581501342025932
1091,UDWI473403376SZ01243,0.9714689952898659
1092,RO97473432461UK01SB9,1.0010683174378519
1093,121A473439133YEEEUF6,1.0033015942147352
1094,YRKW473433667AZQEEID,1.0752953323214776
1095,SDVF473344003VZ1O3W5,0.9602941777608316
1096,JO55473476882CYK8UK2,1.0027447080861582
1097,ETXU473505233YUDFJFJ,0.9774783815326127
1098,GBR1473524128VTBIINV,0.9904815053006981
1099,5SV5473552464EGAH7WS,1.009894246369614
1100,KLCT473547909ETOENSG,0.9730958188646943
1101,A0KQ473556875PBXFIRW,1.0669667291818832
1102,K5A1473563567DXOMPYW,0.9770764751929325
1103,IAHY473565740TW3WZ0A,0.995952549672961
1104,8FUY473579564GO5D14X,1.0006393095497692
1105,J4MW473584384TZEG32L,1.0135908738653634
1106,3PHZ473583629LSII23D,1.0506177149406812
1107,XEG3473572314IPSEJKQ,0.9293037056987228
1108,8X6V473591709D1XXUES,1.0068466495296082
1109,ZYUX473604607CV17V6K,0.9645914882657542
1110,F84F473620810YYJMFJ4,1.0878482145593382
1111,EK5S473613082VRMR0R1,0.913341954914876
1112,7ACY473622506K9N9A5W,1.0549154911457181
1113,KZUQ473618715N5TGJWQ,1.0006393095497692
1114,U02P473632867WHHWUUG,1.0008424201916715
1115,5MQQ473635235XBBMI2H,0.9889017115203618
1116,EW7H473642023AK53YHL,0.9679763666484944
1117,LGN2473640186L2I4RYN,0.9770594831129914
1118,V87X473642357FSJVR99,1.009461456129153
1119,06I6473647239IWOYPJW,1.0168946969461696
1120,IUI7473652425HS9RPVE,1.0135908738653634
1121,TVFO473655001BJKRYPP,1.0137966134271152
1122,WYHD473657693Q4VT7WY,1.0594131467103702
1123,CU0N473659020R81UN02,0.970558331106401
1124,JLJZ473007054JZ523AA,0.9762958702266502
1125,ILME473671868D7NXCYZ,0.973172802658831
1126,9SBB473663546Y3OX7J5,1.0135908738653634
1127,OL61473680084LEG45ZY,1.0414358849422929
1128,V8FY473671328QMLIELN,0.9513669179495984
1129,IY0F473679320M2F2E58,0.9921401672560134
1130,G4F1473683108JJ5IVN3,0.9719163034430969
1131,0C4J473689150FU29AZX,0.9794781293737269
1132,CQXL473685123DW0WWCR,1.0008424201916715
1133,6L7M473702553DKCI7AI,0.9681728473376912
1134,CZQR473678905XDH33I8,1.0594131467103702
1135,D6XM473711831EP1DWY3,0.973172802658831
1136,MIW9473715821DDJBSLP,0.9170781752974879
1137,KEA7473714446X2N40KQ,0.9889017115203618
1138,8I69473719526C0024K6,1.0008424201916715
1139,BJPK473710304T8E5E0Z,0.9921401672560134
1140,8IU4473724654QFCTR6J,1.049759224379063
1141,IQT2473724721DNPUFMH,1.0137966134271152
1142,IKG0473730968H8D2ZW5,0.9904815053006981
1143,EQTF473728261JVLJTDY,0.9666042300091666
1144,9PES473737553RH7OEHT,0.9842256249836572
1145,BK3Z473751842E9UAM8N,0.9762958702266502
1146,Q9E5473758238ZFYCWRI,0.9640327845980486
1147,1EZU473760559EK5IKSA,1.0549154911457181
1148,OGA3473765358UROKD3O,1.0135908738653634
1149,JEDU473767985ZXQU06R,1.0801468017782063
1150,HZGU473769311ESNMGXY,1.0260662615520029
1151,7441473771542C2UV75O,0.9834693993632103
1152,38J1473779392JOQ9SXJ,0.9770764751929325
1153,KI28473777239SX8HZAT,0.9834693993632103
1154,PVOG473781450P5TY5AV,1.0258580319917703
1155,9Q15473783962PE8ZBRA,1.0258580319917703
1156,MIVS473787270QD30B2O,1.0916920060145061
1157,1GNP473798815PUJOPVQ,0.9332783928650984
1158,OYSW473801458TD0SE61,1.031537086206185
1159,DZQX473802819J84RMS9,0.9770594831129914
1160,8W5P473808777E80V3KK,0.9834693993632103
1161,MOAG473811692G07SEL7,1.0008424201916715
1162,8YI5473817331I3ZURKC,0.9992140954963229
1163,QCVS473817051FA9J31J,0.9770764751929325
1164,0TEN473831293O0GZ7QM,0.976494039615957
1165,YNNY473832929DMF6PB0,1.0260662615520029
1166,G3YM473824166UNL8SPJ,1.0260662615520029
1167,HZGD473836303JGDO5FS,1.0135908738653634
1168,1LH1473846412YXSK6DT,0.9770594831129914
1169,7T4O473846657KSG326X,1.020817744970267
1170,08MA473848670Q1X7LJN,0.9921401672560134
1171,OPPO473844151VP43606,1.0135908738653634
1172,MCBH473850956SKX00R2,0.9961987285597647
1173,QMGO473861298NVUBOXI,1.0168946969461696
1174,STT4473871860X0CZ81H,1.0082553952520807
1175,CKNL473874182Z206LIA,1.0068466495296082
1176,NP9G473878141NFBMLW9,1.0260662615520029
1177,5Y64473880214FLT0IYG,1.0135908738653634
1178,BN5Y473884887GZL7MBB,1.01402543452676
1179,5QE0473900352NWJ2660,1.0027447080861582
1180,PI4T473905965MU69P1M,0.9762958702266502
1181,2QE6473915871L19PL5P,0.9595436676624297
1182,D5XZ473950816FIK2HLU,0.9595436676624297
1183,IR4T473957949G64NWPY,0.9327594796687035
1184,QJK8473967578GYNBFSE,0.970558331106401
1185,P4U6473973506QXT189F,1.0008424201916715
1186,YHHC473994503D8O2V41,0.970558331106401
1187,G38A474000009IUTOLKH,0.9772578075011087
1188,NT5H473988142XKEJ3SX,0.9772578075011087
1189,8KFL474004951TQV4E4P,0.9939812622480573
1190,GD40474015797UHULBPK,1.0210249514486334
1191,35UT474113541Y69MNN9,1.0233447119200154
1192,XJKW474129906HDA8EXE,1.0752953323214776
1193,8FDH474149410NJQI4PE,1.0581085862598447
1194,5K4A474156563VSPU7N5,0.9478352080546122
1195,8AVG473740972P9EUQKQ,1.0068466495296082
1196,O11R471009798RSWW6HQ,0.9840429997818179
1197,5QQZ471013687T0Z846X,1.0082553952520807
1198,G28W471018053QXYDUAE,1.026297851998418
1199,96RJ471014610DAGSSM0,0.9714521007281326
1200,7I2P471028815KYSAEQE,1.0488612901018686
1201,WG1D471029112X0KUZJ6,1.0168652469245114
1202,GHRW471050297MJ5FHKA,1.0068466495296082
1203,YMH1471086233W6OAOZE,1.0331723675489384
1204,L0G6471117872JXJNJGJ,0.9823046804723733
1205,ADWJ471108028JNQT7L7,1.016658884615256
1206,MWO4471145695Z5E3G8T,0.9904815053006981
1207,G39J471124533UTPIO8U,0.9904815053006981
1208,303D471164211OQC9OIL,1.0365400169648635
1209,483J471170855B8ZA0NA,1.0333820817793973
1210,I3DT471178568ESVR9QZ,0.9714689952898659
1211,994P471178723P13DQPU,0.9730958188646943
1212,DI7L471180927B9MEK7Y,1.0331723675489384
1213,TJLF471183091TM7AKNO,0.9939812622480573
1214,PK6Z471166770MRVK3DW,1.020817744970267
1215,LHAP471226465OFW2KTR,1.0331723675489384
1216,D3ZE471232269DB5JODH,1.00144863369885
1217,CQDP471238374JM5B57O,1.0258580319917703
1218,9WYB471231698ADK5IWL,1.0994757357393345
1219,Y3UP471245104G1EQTMC,0.9842256249836572
1220,6860471240338MSCC7ZF,1.0549154911457181
1221,G9B2471278899N8EEC42,1.009461456129153
1222,F7KE471315816IU7ANAX,1.0333820817793973
1223,FXLG471319939N1IXV1V,0.976494039615957
1224,YM2W471317646Q4JZ2DC,1.020817744970267
1225,UI0J471319808YFODDB6,0.9992140954963229
1226,B6HC471330127HQ7CF97,0.9921401672560134
1227,YEF4471326812AGE2FG9,0.9992140954963229
1228,JX92471330217QZMU1O0,1.0331723675489384
1229,13CF471347209Y2C0MEO,1.0079783952221713
1230,5AUW471348386D0C65MT,1.0027447080861582
1231,XEFR471363400PIU0Y5O,0.9840258865488795
1232,V1OK471360929KXK2CNI,1.026297851998418
1233,93P8471379786OA4F0Q3,1.026297851998418
1234,9V4W471379996EAQNBNG,0.9834693993632103
1235,3EQT471381909JEYHXOU,0.9939812622480573
1236,NM9O471405890KB67O7E,1.0488612901018686
1237,8I96471433430NS6BQEQ,0.9595436676624297
1238,LC4G471427109W9PWTR6,1.0033015942147352
1239,AVA2471439269OCIP227,0.9767144412596219
1240,FAX1471428841C09HY5G,1.0168946969461696
1241,X2DF471443627AP0TN28,0.9939812622480573
1242,P3UN471461989E0EOE16,0.9800339614989482
1243,WRFC471473667GAKS4E2,0.9904815053006981
1244,QPN9471493855IODOJ5R,1.01462428171833
1245,4Z9O471492729I83N7X5,0.9774783815326127
1246,WG8Q471489141II6QXYR,0.966385183884135
1247,9HIZ471537063JGWELI1,0.9714689952898659
1248,VNBS471525234YRHSV0N,0.9730958188646943
1249,DL1J471495693LT6L26R,0.9478352080546122
1250,6WD4471560123HUJMHS3,0.9581501342025932
1251,1LFA471568411HR7RELH,0.9767144412596219
1252,DNST471580720F2ULF60,1.0331723675489384
1253,EPL0471587442ZUIXOOA,1.0010683174378519
1254,KLO1471589549JI7KM6V,1.0033015942147352
1255,1GQA471595223FKACX6C,0.9478352080546122
1256,ELZ6471606247VDZWOXS,0.9834693993632103
1257,TJI5471579899J4MW4G4,0.9840429997818179
1258,Q0NE471597042TI3V43U,1.0010683174378519
1259,85JZ471632721HYTDQOL,1.0414358849422929
1260,W4XL471638154QPK22T1,1.020817744970267
1261,TQWH471648362UT12CTA,0.9714689952898659
1262,SVRS471633236Q5P2EPZ,0.9392104452116734
1263,H0GQ471674228W12AQOW,0.9714689952898659
1264,QAFS471661490MEVF8FR,1.0581085862598447
1265,90VQ471684181IPJE2ZR,1.0008424201916715
1266,GKET471675780C75Q3KZ,0.9770764751929325
1267,YW39471689427VTJMRHS,0.9904815053006981
1268,9Z7X471702425S8ONH52,0.9697997991424958
1269,5CLO471707955T9P4V7D,0.9889017115203618
1270,ZN8X471717462RINATNR,1.0010683174378519
1271,LARP471710180ZWOUWAD,1.0010683174378519
1272,94XS471762945XZLPQUY,1.0669667291818832
1273,ECYF471766436JPVEFES,0.8994746583259453
1274,J8NB471765693OPE6OD4,1.016658884615256
1275,8RJ1471786068AJI1YVL,1.0077738364077693
1276,BQXX471805753LG852R4,0.9842256249836572
1277,RNIQ471799812VIQV9Z8,1.0581085862598447
1278,GPY5471818424YT6SV6C,0.9772578075011087
1279,HAF3471826482H11H869,0.9834693993632103
1280,FTSZ471833942UIPE1IW,0.995952549672961
1281,ZNHU471847191UXM7ZZF,1.0412166319206138
1282,4S1N471845181CESLI18,1.0210249514486334
1283,YJ95471839745G9Z493H,0.9921401672560134
1284,C8QC471854841T7AXFX4,1.015444224562
1285,UMEM471902530MXI7S6H,0.9478352080546122
1286,PYCE471810453BFFXHB9,1.0331723675489384
1287,2JIH471918794OKD7SSA,0.9748780077491925
1288,B4UF471909179L4KX3KY,0.9714689952898659
1289,ZRLV471853648OKDMCA4,0.9714689952898659
1290,50HZ471919104LSVU3ZZ,0.9904815053006981
1291,IKZR471924173DSFSPAR,1.0033015942147352
1292,FTNH471937081FQAQREI,0.9800339614989482
1293,D3MY471182659M9SA5MF,0.9800339614989482
1294,K665471978139H1CTWKF,1.020817744970267
1295,0FJJ471988141FN80VOX,1.009894246369614
1296,K9XC471984249DN8GCAZ,1.0027447080861582
1297,YMR4471996471QY61WO2,0.9645914882657542
1298,XQ23471992788UR9PX7Q,0.9832568291266367
1299,7PES472030892FYPHH00,0.9632008661855159
1300,FD50472034287TK042OH,0.9492492440054889
1301,HEHI472036635VBVPHJV,0.9762958702266502
1302,2CPV472052273M93GX21,1.0669667291818832
1303,YM4O472066844DC7IP3Y,1.009461456129153
1304,SCWM472069988RB49Z1D,1.026297851998418
1305,473B472077814W0M2XS2,1.016658884615256
1306,QIX8472082475MPMSMJZ,0.966385183884135
1307,K1LT472117832Z8WARXB,1.0210249514486334
1308,3V7C471262245AWZOXX7,0.9542465846934696
1309,BFOF472142873SPWC68C,1.0077738364077693
1310,IUV1472207761IG6Q4ZM,0.966385183884135
1311,J5TB472223267R4BFNZV,0.9645747133089368
1312,OPEM472507479G8H1FKF,0.9961987285597647
1313,VQNR472516587HIMIQTV,1.0990045553461767
1314,MY0L472520005P4FKI6Y,0.9904815053006981
1315,JXUX472525440LBTS64Y,1.0331723675489384
1316,TO8J472526709IZNTFLO,0.9645914882657542
1317,J0AL472561460WRJBJI2,1.0594131467103702
1318,W4OL472543839JA0MAF8,0.9921401672560134
1319,IOMU472085663UCRG07D,1.0598489210543582
1320,MIDC472560153GPOF3S2,0.9939812622480573
1321,V5FK472584452QE3S67V,1.016658884615256
1322,E9IK472598330D2PPFD6,1.0549154911457181
1323,W8T9472600758VQZ2WBF,0.958156632382118
1324,TRF4472603277NGLHV2L,1.009461456129153
1325,5ZPB472610582IAB2FZK,1.009894246369614
1326,AT78472613715ZI5WIHJ,1.0669667291818832
1327,QA86472624553FX8H5SQ,1.020817744970267
1328,H6U9472628439ZULH67I,0.9770594831129914
1329,D79T472664253XVWHPHF,1.1104481954790864
1330,W7WD472659043IIDMZAN,1.020817744970267
1331,XB4E472687682NPZYCUU,1.0488612901018686
1332,RB5Y472671643CMUGPVH,0.9992140954963229
1333,XV6R472711682TDE9WY1,1.0549154911457181
1334,355O471456109W2OSIG7,0.9595436676624297
1335,MQ75472753045F24B7HA,1.0506177149406812
1336,H4ZY472777839YK1LW1V,1.0082553952520807
1337,XNM8472777490VLHOCQU,1.0878482145593382
1338,D1JB472585461YS4GW8F,1.0331723675489384
1339,ONJ5472823954BGKGH1H,1.0137966134271152
1340,EOXS472833555HG6U7I4,1.0079783952221713
1341,BKTA472835492QE3MSX9,1.0135908738653634
1342,3EFB472849537XOY6RTP,0.9939812622480573
1343,1ZFX472853297K309T83,0.9800339614989482
1344,T3L9472856574BUKIXZN,1.015444224562
1345,W3MN472916507WL81QYA,1.0077738364077693
1346,RNL1472881264Y6JBFBO,0.9992140954963229
1347,XUQW472871507VCX4FZB,1.0168652469245114
1348,575I472924159ZVCKZGP,0.995935229324174
1349,VJ3S472930332ASQDNJO,0.9921401672560134
1350,SMDD472960996A4C6V37,1.0506177149406812
1351,JWDC472960239P8HV7B4,0.9800339614989482
1352,H6QM472964987JCHL4L5,1.0079783952221713
1353,UX7U473004529O1FCWP2,1.016658884615256
1354,CTAF473021743QZLFPIF,1.0878482145593382
1355,I55H473053629BN4T0AD,1.015444224562
1356,5L6H473059805L6ZAQQE,0.9921401672560134
1357,ACSD473067081BPBRWB6,1.0570294179320734
1358,7R9A473084473FHDLOR7,1.0624370054742782
1359,WLW5473105283Q7C6RIZ,0.9992140954963229
1360,3RV2473120932EMPMNZS,0.9840258865488795
1361,5Z5D473104605DFZXK6N,0.9840429997818179
1362,EBH2473061745UCQ3SLP,0.9734960878187098
1363,NGSC473129925CWYNHO3,0.9459069861957483
1364,H9Z7472891277MDGK5DT,1.009894246369614
1365,CX0E473125905M3G2WAE,0.9840429997818179
1366,7Y8J473145141DO8KADM,0.9380239328453579
1367,5Q7C473161311Z9C3ICW,1.0077738364077693
1368,FQTN473140920BIXXEJ4,0.9478352080546122
1369,HD1X473150531MA9UNGX,0.9642284648155126
1370,CIX6473207802FC6CV0J,0.9397582319601816
1371,YOCV473229214JMVMEG9,0.9772578075011087
1372,0AY9473233002IH123PN,0.9800169179861405
1373,9LIS473239135HFFI336,1.009894246369614
1374,HBZ7473255957IS6ZLHI,0.9866766367457321
1375,CDKP473256985CMVV7NS,0.9730958188646943
1376,9E7D473286565ZJIIA6F,1.0027447080861582
1377,L1A1473291155PXZVPMZ,1.0010683174378519
1378,DKHY473304413E4FKC5Q,0.970558331106401
1379,2R1X473319450GWCS06O,1.0488612901018686
1380,Z298473319853YX6U0QT,0.9889017115203618
1381,3GBM473321396V6MFZYQ,1.0096663574980806
1382,VVAZ473335948NOID4HL,1.0210249514486334
1383,VK8Y473340047SDLKIYJ,0.9170781752974879
1384,LU78473368032VY9XIQD,1.0331723675489384
1385,L14S473372806NC1XEQ2,1.011058698719383
1386,GPAQ473406012CDXBKGH,1.0160999511726931
1387,QRUT473418028B9C47RJ,1.0669667291818832
1388,6N4T473422992HEV3XIC,1.026297851998418
1389,Z2SH473434282J5N776C,0.9697997991424958
1390,J5G5473441785Z99C27Y,1.0079783952221713
1391,ZYK2473442554HSS6IJ5,0.9714689952898659
1392,3E3B473446306O5WX9NL,1.026297851998418
1393,4SU2473459532XHOPU1C,1.0260662615520029
1394,X362473471383PGACA74,0.9840429997818179
1395,VOUU473497586MPQ5VBX,1.0160999511726931
1396,SEJW473506656WOMJQCS,0.995952549672961
1397,MU9L473468226IP9FPLU,0.9397582319601816
1398,BUX7473510654PPM7ZCJ,0.9714689952898659
1399,G57N473551299WYZJVRF,1.0916920060145061
1400,5KBA473553306RW4DDCA,0.9939812622480573
1401,9M2W473563504W4K633S,0.9645914882657542
1402,6IBU473566424NF7KW7P,0.9714689952898659
1403,WI3Z473576545VCIKZF4,0.9679763666484944
1404,THY1473578971UJK30GA,0.9889017115203618
1405,RC8D473589246ZSRR14W,1.0008424201916715
1406,1SLV473613866HBJPTNC,0.948023633376656
1407,ZAG3473623008S8D2USF,0.9890852384340295
1408,EY6Z473619935YM5V8FC,1.0258580319917703
1409,6D51473625398JW7ERTN,1.099227632251672
1410,7NO4473626903RSAJ7BT,1.1104481954790864
1411,XXHJ473633365HK1DTIG,0.970558331106401
1412,IL2L473632637VHSJ6DP,1.0414358849422929
1413,Y48U473636713WE6TZ7K,1.0916920060145061
1414,M4BJ473638760R50IZSS,1.0160999511726931
1415,L1BC473639546K4CLNYO,0.9961987285597647
1416,PMD9473643364E8K8USH,1.0082553952520807
1417,PNIE473638203HR5OK69,0.9443982876833877
1418,PUAE473641006OAUSGJ9,1.0068466495296082
1419,RWMY473646463ET679OD,1.0414358849422929
1420,5PHK473646314BBB0PT8,1.0529672068372309
1421,WMCT473650869VAW6FPP,1.0190321845194026
1422,C1G9473653829ZWYNLBF,0.9888845137908472
1423,KXQA473642173J11PB6Y,0.9770764751929325
1424,1E0R473672076LVPLBYW,0.9961987285597647
1425,EHG2473668763BDP3548,1.0593947227350347
1426,EFD1473675667IBRA977,0.9602941777608316
1427,08JX473678871VQEGKB6,0.9732764124163678
1428,OZ13473670901LGY4LXV,0.970558331106401
1429,KVUN473680489KKXG3C9,1.0027447080861582
1430,ZHW8473695514P3ACOJT,1.0068466495296082
1431,WITY473705991ZJOR4JT,1.0068466495296082
1432,KMHT473711115MF0H9TC,0.9513669179495984
1433,29Z0473718016QN6SF3K,1.0523457290488605
1434,QMHQ473718361DVBZUKK,1.0135908738653634
1435,CVNN473715825SFLDWDN,0.9961987285597647
1436,A1VL473701822TMNAEDS,1.0190321845194026
1437,AI9N473717464VI3D0GB,0.9939812622480573
1438,QIXZ473732090KVPOQYS,1.0190321845194026
1439,J41U473733257GFL1SCU,1.0135908738653634
1440,CU12473739458BZ7ZT1W,1.0033015942147352
1441,EY9B473738308T9RIPTD,0.995935229324174
1442,DZVF473740556MRZRUK7,1.031537086206185
1443,IJZ2473741916YNL1Z6H,1.0135908738653634
1444,S0XH473747744R3ODDPC,1.0137966134271152
1445,2QLV471651631KGCDUAE,1.0006393095497692
1446,J0NN473758918STGKYXC,0.9762958702266502
1447,8JPF473768988QFHZADU,0.9939812622480573
1448,KDCU473769893QTQ0IWS,0.960056871543802
1449,FS80473773025G6TEUZB,1.0593947227350347
1450,WV41473776900XDQ9EIB,0.9770594831129914
1451,YYCM473775117ZFKF3WC,0.9697997991424958
1452,R7YH473782793LJ3G1F5,0.9961987285597647
1453,4E0Y473795618QWP13JO,1.009461456129153
1454,O77U473795807GY52TVK,0.9770764751929325
1455,7NUR473800453GNAFBPZ,1.0137966134271152
1456,YKAQ473804774F8XC40W,0.9732764124163678
1457,OQSF473805250LA6P7M4,0.9640327845980486
1458,QMHS473805911O4DWDHO,0.9532601565589678
1459,SMVA473807448OUMLQV6,0.9823046804723733
1460,EJ41473809897TS1ZLYC,1.0190321845194026
1461,YV4Q473811852EPCLA4R,1.0074412571872489
1462,1HIE473817208PERH1M3,0.9834693993632103
1463,QOIQ473818114HVKXA1F,0.9645914882657542
1464,DZKD473820552KX9EDIC,1.009461456129153
1465,RJAI473827009IMWE9A4,0.9770764751929325
1466,6EBL473835795FRG1JY4,0.9888845137908472
1467,HBZI473834757MPLWSDI,0.9595436676624297
1468,0RLT473839563T7KG0YO,1.020817744970267
1469,ZOV1473849455B0TUIXE,1.0068466495296082
1470,FSWJ473854334ESS9Q7Q,1.0260662615520029
1471,3CD3473861674FPZK591,1.0077738364077693
1472,2TV8473857969RRD68VR,1.0008424201916715
1473,VC2K473863491S843FW9,0.9889017115203618
1474,P2TN473867959GPPUAQ9,0.9730958188646943
1475,31S8473875617B81WYUD,0.9939812622480573
1476,E123473875587YLGKQJR,1.0008424201916715
1477,LKU3473891931NMX5WVS,1.009461456129153
1478,VA0W473896742XBW03OJ,1.0258580319917703
1479,TMQL473899943VJD84EY,0.9730958188646943
1480,AVOR473910756Q2VC3M7,0.9513669179495984
1481,9PQR473923047CBN8RLQ,1.0594131467103702
1482,JIYI473950904C5EFDX7,1.026297851998418
1483,DN6V473959269ICUGWVD,1.0506177149406812
1484,Q1WV473973195UAB2HTY,0.995935229324174
1485,ARCT473970255YTMEU8F,0.9834693993632103
1486,K2K5474001651KCM4F2X,0.9762958702266502
1487,GO52474006249I183VG3,1.0581085862598447
1488,4JCU473973538XVPJX8F,1.0135908738653634
1489,8B98474008813T7M16Z3,1.0010683174378519
1490,U1RC473871749CE9KXRX,1.011058698719383
1491,YKTC474044495PVOBA5S,1.0033015942147352
1492,ZCU7474065673Z3YZYHD,0.9411086493816504
1493,2VM7474079913RKAM0T2,0.9478352080546122
1494,9UES474100352IW2XBID,1.0082553952520807
1495,3GIT474153071W8ZC4DF,1.01402543452676
1496,2UM9471014852GA5E428,1.0190321845194026
1497,7CXG471011984B98HF2Y,0.9767144412596219
1498,4GBY471017130ZVWJFLT,0.9714689952898659
1499,3ALQ471019394EJ4RP98,0.9730958188646943
1500,COKE471024280UK3WT35,1.0488612901018686
1501,PXI9471026537RUY73EE,1.0008424201916715
1502,19SC471025240CH0K8RP,1.015444224562
1503,KQUE471016655J5PKNG5,0.9800339614989482
1504,ZVY7471108233T2GP58S,1.0581085862598447
1505,PT06471126190LLOEMQK,1.0676827875702903
1506,4RLH471153162CO4FR9N,1.026297851998418
1507,W65T471154645VM6V5UM,1.0168652469245114
1508,H07X471150672YNBGMH6,1.0008424201916715
1509,IZJU471114925MVZDFF0,1.0027447080861582
1510,P9XB471178463NZ8IUQW,0.9800169179861405
1511,5LML471181632RD99ZZZ,0.9447120140335166
1512,9XLX471194269O931FGZ,0.9866766367457321
1513,TR5U471181355WG38H9L,1.0010683174378519
1514,IOF6471210978TCDXUT5,0.9904815053006981
1515,O82Y471211967XHA76I3,1.0082553952520807
1516,42ZJ471225595TPR313G,0.9714689952898659
1517,LDYI471248815YWE9O8N,1.0331723675489384
1518,PNQX471248950GCJQWB0,1.0331723675489384
1519,0CGN471261330X5GILB0,0.995952549672961
1520,LI92471274274MJPNXX5,0.9714689952898659
1521,OCKV471284564K2FK15M,1.016658884615256
1522,9CYH471302530CEQITS3,0.9992140954963229
1523,DR6W471304402E93JFW8,1.0160999511726931
1524,MWR8471304547O1WG73F,1.0033015942147352
1525,JU90471309553CSKPEQ0,0.9904815053006981
1526,KQ2D471319447W3WOKH4,0.9770764751929325
1527,ES3I471330956Y8CC2GK,0.9889017115203618
1528,6IYE471348769ZOV7NFR,1.0027447080861582
1529,I998471352843KSDU2D1,0.9714689952898659
1530,BUHS471355362IUT4LHS,0.9645914882657542
1531,JB3C471358372BYLVZ5Q,0.9904815053006981
1532,GYES471361957BPEQ16B,0.9411250162392262
1533,RBIM471357581EMTZYQK,0.9939812622480573
1534,3YY7471365541OQ5HL99,1.0233447119200154
1535,RPRY471380158POCXCJA,1.0168652469245114
1536,L30W471399215B4R0OLN,0.9834693993632103
1537,7NXF471387707L7KAWM1,1.016658884615256
1538,B4ND471410420RPT1VZR,1.0168652469245114
1539,KOCZ471399685O5NWWX4,0.9832568291266367
1540,B2FP471416278LNO2CQM,0.9904815053006981
1541,ZB9H471439380KP5FYYZ,0.966385183884135
1542,ZB41471441344K6DPIF4,0.9762958702266502
1543,E2O0471472534HVONRHF,0.9832568291266367
1544,7HNX471489058MWGPVRU,1.0168652469245114
1545,FTAP471491452VN9WUOF,1.0414358849422929
1546,S8H0471520478NS3JO61,0.995952549672961
1547,MURA471521911AXIK2ND,0.9842256249836572
1548,N1MT471546946JOUD7AB,0.9714689952898659
1549,XBNV471542174U8P02CG,0.960056871543802
1550,OWN0471526756MACML8G,1.0079783952221713
1551,P20V471555986Q2K8QS4,0.9714689952898659
1552,S2O1471561522OIQDBOR,0.966385183884135
1553,K6H3471483946YF9C3PP,1.0079783952221713
1554,Z9ZD471580848UGHTCTW,1.0258580319917703
1555,JHBJ471596763K5Q082Y,1.0331723675489384
1556,Z8YB471600371CN18TK0,1.0333820817793973
1557,BOJI471615095FPHZDOA,1.020817744970267
1558,I6BQ471607888G7R62XW,0.966385183884135
1559,SNHU471596148CRDG93D,1.0488612901018686
1560,X59I471629572JQBH8HE,0.9800339614989482
1561,0OCO471636263LIKO6E3,0.9714689952898659
1562,BBRT471654702CRHDYD2,1.0006393095497692
1563,7NR0471647078H9QGBA3,0.9645914882657542
1564,WTFF471663319SW5WK0A,0.9939812622480573
1565,G199471686102SYK8Y50,0.9730958188646943
1566,WATF471694427LJWTHXR,1.0190321845194026
1567,DYP1471624668OJFP7Z9,0.9800339614989482
1568,PX4B471704623M4E400F,0.9581501342025932
1569,9BMB471698829YDMWQMG,0.9714689952898659
1570,Z1TF471683848WNK1LO5,0.9714689952898659
1571,ZVWM471711833STLQBFF,0.9832568291266367
1572,ZXAZ471729732VWR2YGB,1.026297851998418
1573,7K15471731626E0OQAJZ,0.9842256249836572
1574,R1ZL471758728J16XW8O,0.9170781752974879
1575,WSHL471755429YQU6ZRG,1.0488612901018686
1576,0DZH471757708ED1KL9W,1.009894246369614
1577,A1TM471624281F9KME5V,0.9834693993632103
1578,3GK9471773854KKQH9PX,1.0068466495296082
1579,1GXQ471775159YILUP80,0.9581501342025932
1580,71IO471802258A7PT224,1.026297851998418
1581,WI4X471793775P8W0U6P,1.0077738364077693
1582,4WZL471802459Q03KBU0,0.9645914882657542
1583,9KI8471146517F71RNBX,0.9840429997818179
1584,IVEM471834045PPO7LEP,1.0190321845194026
1585,ZKVA471841386PQRGMBU,1.0581085862598447
1586,L1MP471838423KFERA61,0.9800339614989482
1587,CI1T471846711OJQZ933,1.0331723675489384
1588,X0JO471880819CV7QFG7,0.9840258865488795
1589,5QES471733766A7WRMIC,0.9671410450959737
1590,HC0C471907236DDJFXRW,0.9770764751929325
1591,PA22471903948PQ4A2J7,0.9770764751929325
1592,LPU7471924584IATPB06,0.9904815053006981
1593,7AXR471278453MTKDK5I,0.9840429997818179
1594,RVU4471905668NUODKWR,0.980215842676974
1595,F6LC471947387NTET1Y1,0.9697997991424958
1596,ZLXF471974654CGY44SJ,0.9800339614989482
1597,N4HB472014465JYPXQCL,1.0077738364077693
1598,EYGM471999352UF41TG1,1.0990045553461767
1599,2RQJ472061046GBETVYM,1.020817744970267
1600,IAJ0472066022QWX4P57,1.0082553952520807
1601,9M5A472047054WSYDTXR,1.009461456129153
1602,43CC472076561UFZQDG1,0.9921401672560134
1603,RKGV472110549RTBPXCB,0.9645914882657542
1604,0PXS472120168MNXPROP,1.0077738364077693
1605,BAMA472119875YVT65A7,1.016658884615256
1606,JVQ8472114204MB6DKUW,1.0168946969461696
1607,KK3X471983679PJSH11V,0.9645914882657542
1608,VM1Q472155631OWQ8ZLY,0.9840429997818179
1609,EC16472160792O61YION,1.0077738364077693
1610,AYA4471211358O76GTB9,0.9478352080546122
1611,L5DF472195269GGTA4GD,1.0033015942147352
1612,ITZH472510620HB78LW1,1.009461456129153
1613,IAMD472513063HKEFRNV,1.0414358849422929
1614,Q52O472514714HPLF5PV,0.9904815053006981
1615,XS0V472515233I6HQVA3,0.9961987285597647
1616,B8IE472519700N6YZ2OS,0.9447120140335166
1617,3GBY471524971PFS4PLY,1.0624370054742782
1618,R7FX472557421UA8ERNU,0.9921401672560134
1619,EQOI472560164JRXS5L7,1.015444224562
1620,2KPC472559529W5IZYCJ,1.0077738364077693
1621,9TNU472582116FI9GA4S,1.0027447080861582
1622,A6H9472583933SRQ6HN8,1.0077738364077693
1623,83CT472607855R2PJ6TA,1.016658884615256
1624,B0I2472614181WA16IDC,0.9602941777608316
1625,R3D9472619044EQMZ74O,1.0331723675489384
1626,RNWT472615248L4USPNX,0.9961373851277598
1627,2FJZ472642237D0R024L,0.9904815053006981
1628,GO0W472629010XHNET87,0.960056871543802
1629,TXIW472648695NB74J6A,0.9939812622480573
1630,6XFP472654034I9ZGFNT,0.9800339614989482
1631,JB17472653400HO2JC20,0.9796914673449115
1632,VKPH472684656H9SIRYZ,1.0096663574980806
1633,6CI2472685883EE7B6KM,0.9750758893395335
1634,J7ER472697999Z2K3ZIT,1.0168652469245114
1635,4A95472708212DT1SIGT,0.9602941777608316
1636,GFAF472719412HYA89QR,1.0082553952520807
1637,C3QZ472719455ZFHZBO0,0.995952549672961
1638,U0AB472734440E4Q5CV0,1.0168652469245114
1639,1F76472755499PIAN7N5,1.009894246369614
1640,6ZHQ472754628FQNXG1D,1.0033015942147352
1641,45RW472769906DJQV3ON,1.0033015942147352
1642,HE7B472810629XRIBSSR,1.026297851998418
1643,K6HM472823951Q0SQQVM,0.9628809999324149
1644,G1KL472838259BD6AW1Q,1.0878482145593382
1645,HGHG472849034TP25NWV,1.0010683174378519
1646,Z9T7472861404FS93G6Y,0.9714689952898659
1647,97Y9472907777QQM0D8X,1.0581085862598447
1648,SCJL471754546GB0LLRI,0.9832568291266367
1649,W98X472937330C8AHPEX,1.0082553952520807
1650,VQMX472948348A1G9AQ9,1.01402543452676
1651,ULS7472946778MFBF6OZ,0.9800339614989482
1652,S7CD472967628FF19PU3,0.9842256249836572
1653,GJVP472978343QX3N7UZ,1.0027447080861582
1654,XZFC473020336SNVNPQ9,1.0331723675489384
1655,R81G473057021DSHLLDG,1.0127518192765885
1656,DBLE473091556FYHYYAC,0.973172802658831
1657,JCL9473097282GPJND4B,1.024145124205903
1658,R27B473057520OWOR6AC,1.015444224562
1659,G39P473090374SXZK675,0.9832568291266367
1660,MT8R473106744FP91XTK,0.995952549672961
1661,Y4JS473141349ZY44LWM,1.0168652469245114
1662,FMXF473159388XRMXG4O,1.0033015942147352
1663,KKOF473183407UQR4WYC,1.0488612901018686
1664,PGIV473171575JRPOJ6Q,1.0331723675489384
1665,R1KC473172048U40S6A0,1.0593947227350347
1666,AQ77473189808VARF4QE,1.016658884615256
1667,4IC7473200078WOHW5ZF,0.9397582319601816
1668,65TN473204568HJC0D7U,0.9170781752974879
1669,1M4Q473225146Z830NSV,1.016658884615256
1670,T8V7473228908MNAGVUE,1.0137966134271152
1671,3H7P473230493NYRBLD3,0.9800339614989482
1672,PPAR473230142GM4SPZE,0.9249602222396589
1673,QAZ3473255313OKIJDGU,0.9890852384340295
1674,DNA5473266634ABED8LS,1.0008424201916715
1675,H7HY473292350P34DYS9,1.0581085862598447
1676,OGX9473292462EVYNSPP,0.9632008661855159
1677,XBIT473310460TJI1C34,1.009461456129153
1678,6NO4473312419Z0TGSTX,0.9904815053006981
1679,936X473318977XYORMXL,1.0752953323214776
1680,CNVT473324438L78O5KU,1.016658884615256
1681,VX3X473327066ZS6DMYY,0.9714689952898659
1682,N7ES473334683ROI61YZ,1.0676827875702903
1683,KEHP473350052K6LLXAV,1.020817744970267
1684,QZY4473369587JSXKSYD,1.0068466495296082
1685,PW73473376292CRMNE1D,1.099227632251672
1686,P1NP473387729SJM02RA,1.016658884615256
1687,KAVR473402654V8NPPE3,1.0581085862598447
1688,U55R473424613DVL1L71,1.0135908738653634
1689,K2CI473429979XHQEHEU,1.106840423318132
1690,J2BM473432152LBMH0PI,1.0082553952520807
1691,FAYZ473438144DR5V7ZH,0.9866766367457321
1692,YWN5473456513W94N04Y,0.9645914882657542
1693,8GVD473468573C5O4JZ0,1.0331723675489384
1694,TM68473293938Z8FCO37,0.9714689952898659
1695,KPG1473469300UBLTRS4,0.9832568291266367
1696,FC1X472960456ZHZE3EN,1.0752953323214776
1697,8HD3473552433TNM4CY5,1.0414358849422929
1698,S272473499613WXN2DCH,1.016658884615256
1699,4SIL473332572BI5XYOW,1.0260662615520029
1700,0WA0473563242K7WRN4G,0.9961373851277598
1701,CSZB473561565I1BG5FU,1.0594131467103702
1702,YEYB473578728AV30AJJ,0.9889017115203618
1703,ZT0L473572972L1PD0L8,0.9770594831129914
1704,ASW6473580041REM7DLT,0.9645914882657542
1705,DM9H473584162AUDJTI2,1.0523457290488605
1706,NQQ5473583598GZN92MH,0.9478352080546122
1707,URZA473612764H5SMVEL,1.0082553952520807
1708,B1U2473621464M21265S,1.0068466495296082
1709,CXG3473629819CDZ6HA6,1.0676827875702903
1710,9BS7473631352U2QDATQ,0.995935229324174
1711,9WVO473629477XOX9HAH,1.0027447080861582
1712,SOIS473639892OFTL89E,0.9330889936453762
1713,JJ0G473635298EV469LI,0.9939812622480573
1714,ENOB473643846X6U46DG,1.0292018401604444
1715,9247473644318X9Y6IQT,1.0068466495296082
1716,FNBS473643850I6LUSDG,1.009461456129153
1717,YCEP473645421DPUGF8Y,1.009461456129153
1718,J5N0473650335B1P84IH,1.031537086206185
1719,PH1C473650621OPRCL3F,0.9679763666484944
1720,SRY0473655774M7NZIB1,0.9330889936453762
1721,BEP2473662470H3ZPSYZ,0.9961987285597647
1722,9BVY473666898NLEAWPZ,1.0137966134271152
1723,EFJG473664444C6NPUV9,0.9961987285597647
1724,CKTD473668092KB15AA5,0.9921401672560134
1725,J4KO473670616PFJ4PIS,1.0068466495296082
1726,TPUC473653627HZIA0XK,0.9889017115203618
1727,U0M3473674054A76UK3K,1.0523457290488605
1728,CS49473676987SBT61OG,1.0049871417824985
1729,554P473674851S9Z1ZOB,0.9939812622480573
1730,EMQX473676171TKGKZ9N,0.9888845137908472
1731,3RGO473684024OGYT0AT,1.009461456129153
1732,YXAU473680659R1YVNHH,0.9889017115203618
1733,25RY473686625ZL2BAJH,1.0594131467103702
1734,QQ97473689753SAX91L7,0.9615356518229056
1735,G4V6473668189XO97K9W,1.0127518192765885
1736,ZKGB473711712D64QVJH,0.9697997991424958
1737,R0GT473713162TN9KRHE,1.0258580319917703
1738,UK3C473717265TCDP9SP,1.0068466495296082
1739,UAKI473716623N2WY19D,1.0190321845194026
1740,M1XM473726031DVZIMAA,0.970558331106401
1741,JTBY473745569F0HRLCR,0.8879812597684688
1742,NE4N473743889FZPNYZ8,0.9730788960113
1743,TDGO473750743WMMDNIQ,1.0033015942147352
1744,WHDG473749276ON01TBU,0.9961987285597647
1745,1E9D473749352HCKSIMK,0.9961987285597647
1746,SRO0473759789OP0XT65,1.009461456129153
1747,FNNF473756450N9M6ZGG,0.9730958188646943
1748,2N06473766333GUFOWSB,0.970558331106401
1749,GU43473769943K0GHX1R,0.995935229324174
1750,5L8B473772047V8UWCGV,0.9834693993632103
1751,11X4473761199EFJERFB,1.0027447080861582
1752,G7C9473779515UGEGOPJ,0.9770594831129914
1753,BD38473783952F37IMR1,0.9889017115203618
1754,WIUW473785267U3HBPQ9,1.0137966134271152
1755,84BQ473790401ORBPS7M,0.9961987285597647
1756,SR6N473801485R8DNXF2,0.9921401672560134
1757,T7TL473803046LNOI2U6,0.9961987285597647
1758,K40R473771006HSD83KI,1.0082553952520807
1759,XS7Y473805647YH81LB4,1.009461456129153
1760,4J5T473811061OOF8UV0,0.9730958188646943
1761,NR3X473820257Z19J2ZW,1.0258580319917703
1762,VOEP473823063DH4WJ94,1.009461456129153
1763,R71T473828316OODDAZZ,1.0135908738653634
1764,1P35473828597L16BUI1,1.0258580319917703
1765,Z8R9473839167MDNEEM3,1.099227632251672
1766,LB9V473842372YZ6HZ1S,1.0624370054742782
1767,C5NR473847273PEVKPBZ,0.9834693993632103
1768,BQZ4473855070MWHZODT,1.0414358849422929
1769,TEVX473855825FLYTPT1,0.9679763666484944
1770,O70Z473859781BLF6SFV,0.9796914673449115
1771,W5PX473862584BPV5U9X,1.0260662615520029
1772,FJEP473862519WHLTU1I,1.016658884615256
1773,Z3K6473869823PWXD822,1.0135908738653634
1774,X36K473869630HBLU2S8,1.0488612901018686
1775,OFBM473872566S14VO22,1.0990045553461767
1776,GSYM473884898Z7C3B68,1.0082553952520807
1777,3BQ7473899143YYW89Q4,1.0190321845194026
1778,TBVR473903559ODN2JB5,1.0190321845194026
1779,WDTW473918324C4EG3O7,1.0258580319917703
1780,ZBZT473913646ZDCLQAQ,0.9888845137908472
1781,XHMU473949904WT14TOI,1.0096663574980806
1782,SELK473950543NN57LAK,0.9478352080546122
1783,XATJ473971808OUF2OOM,0.9615356518229056
1784,N39C473977921JEB6PQH,0.9348467067977111
1785,WJ1O474006576LDGE2MX,0.9840258865488795
1786,C9PF474002906LA728R4,1.0333820817793973
1787,WKTU473998517HNURTQM,0.9762958702266502
1788,I006474037306WVDEKC1,1.0033015942147352
1789,T8O2474025497ELFNMGD,1.0082553952520807
1790,399G474048613D0HJI35,0.9595436676624297
1791,P03B474145806AILLQV1,1.01402543452676
1792,TBXH474217237TFWWWI1,1.0258580319917703
1793,6TKV472202473OEQBFVT,0.9904815053006981
1794,QXOJ474377860TBA1YBX,0.9770764751929325
1795,NA1F473201431CM2PRQY,1.0006393095497692
1796,RQ8Q471012443B9HK37L,1.0210249514486334
1797,HOH8471018563CGUW3UX,1.0010683174378519
1798,3A1R471016820XA3Q2OB,1.1519668723257255
1799,WYS2471031329K5AXUEP,1.009894246369614
1800,N1PI471029194V3MJPQS,1.0077738364077693
1801,9U6X471024525L0RM4UL,1.0008424201916715
1802,040N471035944JDJ3HLM,1.028511589629491
1803,02AE471026976TKAWS3Q,1.0752953323214776
1804,NW5A471017211JKTG728,0.9800339614989482
1805,AAQI471034849JQLMGAW,0.9992140954963229
1806,188B471050038BN06A95,1.026297851998418
1807,V41Y471057107UYXX5GE,1.0077738364077693
1808,004M471109560DWF4A93,0.9992140954963229
1809,Z548471143896MXRJWWW,0.9331052210328038
1810,LIW0471135003WP3O7EZ,0.9645914882657542
1811,EXOM471142576GWYHCTT,0.9103607052990219
1812,UE8I471149507ROAKXT5,0.9834693993632103
1813,R00U471174239KBIX785,0.9992140954963229
1814,7VBH471172829TX98RAY,1.009894246369614
1815,LX59471170970BDHAPOT,1.0488612901018686
1816,A8LZ471180892F5R7MDC,1.0258580319917703
1817,XMV2471224971NF7YU9K,0.9581501342025932
1818,77AK471241868BIHF4PS,1.0260662615520029
1819,I0QK471253140VURIGLS,1.0079783952221713
1820,KN7D471257553M1DV9LZ,0.995952549672961
1821,2VAF471255488O59BKHR,0.9921401672560134
1822,831O471303239U3MRXLE,1.016658884615256
1823,3NDS471301508E5QQMTY,1.0077738364077693
1824,K4T4471309530KCTP2Q2,0.9834693993632103
1825,IGUN471321274MNDNMHP,0.9834693993632103
1826,G9JD471313547KBY397E,1.016658884615256
1827,CKUV471323902RJXNHME,0.9939812622480573
1828,I9UI471333721QCW3MT4,0.9842256249836572
1829,EGKK471348983YNWGC6F,1.0077738364077693
1830,E8VP471352941H6Y1VBG,1.026297851998418
1831,MD5D471364386BKMO4F6,0.966385183884135
1832,RQM9471370089RVKLKQN,0.976494039615957
1833,JU2T471370390ZRUSZLR,0.9800339614989482
1834,DQ2F471373645BZN7Y71,0.9992140954963229
1835,B9QN471376612XICHBQT,0.9762958702266502
1836,HP37471390820UYXHSDA,0.9904815053006981
1837,C99N471400869GIAT3SD,0.9801114941851197
1838,ZUDM471408359NS65B8R,1.0077738364077693
1839,OEM8471412368CK2II0E,0.9840429997818179
1840,6TF7471425449HBQR15S,1.015444224562
1841,38V7471470893TYNM5AB,1.0676827875702903
1842,WR09471453353U64UBF7,0.9714689952898659
1843,HX9M471493834N2B80LU,0.966385183884135
1844,WWN7471484910ZN25X46,1.0006393095497692
1845,THSR471499725TE3OLIR,1.01402543452676
1846,0NVD471501467KZZZEV2,1.0033015942147352
1847,LXBU471500367FYXFQHD,1.015444224562
1848,K3RL471526978VIMR428,1.0233447119200154
1849,3ONE471539313UGHPJK1,1.0006393095497692
1850,4GH4471555204DYBD7WC,1.0581085862598447
1851,2PSB471559160P80ZGXR,0.966385183884135
1852,1GQ0471565665NIDMLNX,1.0260662615520029
1853,DG6W471579838ASWCHRM,1.0079783952221713
1854,TF3I471579061TQB1WGG,0.9921401672560134
1855,T1BU471563543IUQACRX,1.026297851998418
1856,GJKX471587625DRAD0WG,0.9774783815326127
1857,J67R471600243A5O3RLO,1.0414358849422929
1858,H90F471606743FV24B5P,0.9832568291266367
1859,2A1B471621658SRX3KKF,1.0008424201916715
1860,R944471615444W931973,1.0365400169648635
1861,PL2A471605565JZG5DJX,0.9697997991424958
1862,95I7471596959N273U5W,0.9800339614989482
1863,E1NF471631439PE41P6L,0.9671410450959737
1864,WX51471662460YK8ILG4,0.9904815053006981
1865,X6ZT471673811EAHJO8B,0.9645914882657542
1866,NKHA471694342O9478NJ,0.9921401672560134
1867,Z880471692002HBDK5PY,1.0331723675489384
1868,41T1471703647CK4OCJS,1.0008424201916715
1869,FBGQ471704698TYYRXLD,1.0077738364077693
1870,QONS471714378K0FX4LX,0.9645914882657542
1871,8DDH471714109ZM7H36V,0.995935229324174
1872,Q5HL471737170BNKV8XB,0.9774783815326127
1873,9ES2471733733ZTTB1W5,1.0010683174378519
1874,YSU7471731630TZI5AH6,0.9478352080546122
1875,AFM4471638469GGSEJF5,0.9770764751929325
1876,NMM9471033582N16HEEA,1.009461456129153
1877,8DZP471760674BTVM7MM,1.026297851998418
1878,LZP8471778533RBSUU7R,1.0233447119200154
1879,409Q471290129C2ZMIWO,0.9961987285597647
1880,XLZK471775465KT0X52K,0.9714689952898659
1881,JBND471774094U0CM05L,1.0199727079486194
1882,3HKR471782977OLYW57Y,1.0077738364077693
1883,P5RQ471796552ASLL5UN,1.0488612901018686
1884,R7BR471853078Z91BK7Z,0.9714689952898659
1885,JZUM471853008YYKPDC6,0.954783012115622
1886,QNBJ471894137MB9JN8O,0.9679763666484944
1887,NXSB471900916NRGC05D,0.9840429997818179
1888,L32Y471903301FYYP01Y,1.0190321845194026
1889,T5TZ471912082CKQ1HR3,1.0581085862598447
1890,FDKS471923602UD8Y9QZ,0.9904815053006981
1891,FBUA471925812Z8W7746,0.966385183884135
1892,69CN471925719KTTEYMT,1.0168652469245114
1893,N3LO471905018C67XAUB,1.0414358849422929
1894,0VUK471978915WM25F0C,1.0624370054742782
1895,CYBR471980866RTQ679U,0.9904815053006981
1896,CK51471996337EFG2KFG,1.0010683174378519
1897,ZKFC472005401DJ9X5OO,0.9714689952898659
1898,SIJX472030619Y40SRD2,0.9992140954963229
1899,AONN472034233EIH1MD1,0.9832568291266367
1900,YEIH472047502KGM0RP0,1.016658884615256
1901,9CGS472070426UMTPI6J,0.9719163034430969
1902,UB1U472081313PKFKKUH,1.016658884615256
1903,8OA0472084241NLRJ6PL,1.0990045553461767
1904,2FLO472091823YG09905,1.0333820817793973
1905,7VPB472104184UBXE1QR,1.026297851998418
1906,5DK2472118447YBIAOCW,1.0082553952520807
1907,8T7J472129536YEZEB4L,0.9832568291266367
1908,54PL472172074LRW36RH,1.1025867863128167
1909,9QBQ472187178D7LVTQD,0.9671410450959737
1910,SSTL472211366D0UPDAX,0.9058878843971901
1911,GV58472224312B1BUR2N,1.020817744970267
1912,CO3F472508306DGJPCLQ,1.0068466495296082
1913,2QNG472513970I9GIFYO,0.976494039615957
1914,9LG7472519619B6D5QY9,0.995952549672961
1915,EXRH472528277V7L6UV0,1.01402543452676
1916,IEZV472530859Q96EKPF,0.9834693993632103
1917,5GS0472534729LWLOFIV,0.9697463112284163
1918,LY5W472548758F02NVYQ,1.0260662615520029
1919,FISU472561628QBV8IB2,0.9602941777608316
1920,GSXM472573081Y071QKQ,0.9834564114574654
1921,TXTV472578833F51RXMU,1.01402543452676
1922,IDM4472571181WW1ZG5L,1.0506177149406812
1923,097Y472593909N1XXF6H,1.009894246369614
1924,KNZF472600293CO0LRK3,0.9770594831129914
1925,N76L472643438RY6814X,1.0160999511726931
1926,UCI2472653298B3DF4LA,0.9939812622480573
1927,K6FY472681986U9AQ5IN,0.9796914673449115
1928,CYYA472682778HATDUE7,1.0414358849422929
1929,DOHJ472684878RTM177W,0.9904815053006981
1930,FAVT472693360WLJ3ORK,1.016658884615256
1931,OJZT472695065H9AA8AC,1.020817744970267
1932,IODT472673386X9KQY8D,1.026297851998418
1933,N07Y472689917ICI0HFY,0.9511152769381622
1934,1FXG472730089ZLHP3AO,1.016658884615256
1935,41Z1472738342YDGYFK2,1.0581085862598447
1936,K78M472767755FI3AHCZ,0.9331052210328038
1937,R9R8472767042AI4C814,1.028511589629491
1938,JBBU472783718KOQCFU8,1.0994757357393345
1939,EAKY472796687M6QC3AF,0.966385183884135
1940,V6E0472823715BBMN8JQ,1.0190321845194026
1941,2EAG472823386UOIDYLP,0.9800339614989482
1942,M25Z472865793DP5UMFL,1.0006393095497692
1943,LGIJ472870347O58TV6X,0.9939812622480573
1944,RUA8472909530C3WEKX2,0.9904815053006981
1945,124S472910133N42MJ5U,1.0077738364077693
1946,6AO3472910324BD3RKT8,1.020817744970267
1947,L477472913969ZEIBU4T,0.8994746583259453
1948,6XLD472925413F4N2SH7,1.0096663574980806
1949,2C1S472937400X9I2VL5,0.995952549672961
1950,TJHK472951963GHJNKXN,1.0624370054742782
1951,6ML6472970295W55161Q,0.9992140954963229
1952,WS11473004849T20RXA4,1.0190321845194026
1953,XXRO472610995UEH6L40,1.0010683174378519
1954,UQI1473024371M0WFJ5W,0.9748780077491925
1955,5RNE473025300RAH1SYU,1.020817744970267
1956,7NLW473049240E84Z59S,0.9840258865488795
1957,XFN3473047887KSGY46B,0.9840429997818179
1958,L3SI473075415W4ACKF0,1.038891913241588
1959,SSI4473021496YCNATUN,1.0669481738441833
1960,QXW8473109281G0L2AGN,1.0233447119200154
1961,QWIN473132148F64KJEH,0.9734960878187098
1962,SMFU473147136UQ42KOC,1.0082553952520807
1963,4WYW473181149SVRB47F,1.0006393095497692
1964,DQNW473183422C6QXB4Z,1.0190321845194026
1965,QSV5473194671SNEWDSK,1.020817744970267
1966,BWHZ473198635DX6Q6LF,0.995952549672961
1967,8HQO473118133OUS7F0O,0.9888845137908472
1969,ZFDX473218500PGN6E0J,1.0581085862598447
1970,ZB5C473227370NPE1AHG,0.9359296119411316
1971,WU5I473249192KE5WGKE,0.9666042300091666
1972,75R8473258631XF7TNJB,1.0033015942147352
1973,LS2F473283877MM2GKHE,0.9645914882657542
1974,963R473301879UJ8F30G,0.9904815053006981
1975,3NBS473291912X0CAYW0,0.9868769132321021
1976,NTGD473301024HAI8A6X,0.9364557425211121
1977,D4RH473312344HFT0G72,0.976494039615957
1978,GRWZ473325427STJN129,0.9632008661855159
1979,ZV88473335018TYI6LI9,1.0160999511726931
1980,BJK0473340385BN1DQMM,1.0068466495296082
1981,US4N473348191EJDH6M8,1.0331723675489384
1982,PYYQ473344700J8K69V2,0.9734960878187098
1983,OXL3473374954AJ4B5W8,0.9904815053006981
1984,9NRP473374186XICSCQT,0.9834693993632103
1985,4WLM473380974WBPM5RU,1.009894246369614
1986,12TH473404373X0V19Z4,1.0260662615520029
1987,A2LI473408502RDI0N1I,1.020817744970267
1988,G3J1473420069SZ8Q23E,0.9640327845980486
1989,M2ID473424177OKJ005F,0.995952549672961
1990,C8UI473432474FUII2N4,1.0008424201916715
1991,ICOS472209608N6Z2OOR,0.980215842676974
1992,03OG473473727Y880EMH,0.9904815053006981
1993,M873473477990H4WQRJG,0.9904815053006981
1994,D7PB473500535B6UEN8O,0.9397582319601816
1995,LHNQ473013615TLN5DMP,1.0160999511726931
1996,5IQV472609979B115QG1,0.9730958188646943
1997,ZZLN473577569NBSTMHA,1.009461456129153
1998,1QP4473579169MV4201K,0.9645914882657542
1999,RV94473580999LX8PJ92,1.0624370054742782
2000,9SDV473592050HL8ZK3W,1.0135908738653634
2001,X7IT473605911R9QTR54,0.9840429997818179
2002,WPLE473609007B2PYTLF,1.0258580319917703
2003,QUQ1473614599J7UL7OJ,0.9752719488770453
2004,S0Y5473619113EH7M5CP,1.0258580319917703
2005,O8ME473623295IO5WSG6,0.9730958188646943
2006,WWLF473622588XWW1PWX,1.0008424201916715
2007,7UMV473628064BEOEQD5,1.0292018401604444
2008,6K8H473631356LG5INJW,1.0137966134271152
2009,JXJX473630454JNEL6VO,0.9889017115203618
2010,SBO4473632752NZ5HJJT,1.0135908738653634
2011,Y7C8473636728BTJ1DAK,1.0412166319206138
2012,4UJ2473637738VEPNM2O,0.9380981420238803
2013,29KR473636540OWCJ7YZ,0.9961987285597647
2014,B51K473636830HFM8ZF3,0.9961987285597647
2015,8UIJ473652298NZRAYZF,1.0258580319917703
2016,YNA5473650448PUGDJVM,0.9921401672560134
2017,G5EE473651816Z1XELEM,0.9961987285597647
2018,F1BP473659034MK69ZFO,1.0916920060145061
2019,MH0F473656241WXN7G5H,1.0258580319917703
2020,0YVN473665057J75G83P,0.9770764751929325
2021,37W5473666581S2K6GL2,0.9666042300091666
2022,3J7P473667680TDV8W8Y,1.0549154911457181
2023,IMH5473663085EIJ88NT,0.9770764751929325
2024,83BT473670787MNFRZ1G,1.0624370054742782
2025,NY2Z473679960MD3QGAQ,1.0801468017782063
2026,QP14473679295E3AJGSV,0.9939812622480573
2027,GSXK473694572UO0AGJY,0.9770764751929325
2028,WAJA473691792VB1W0GC,0.9961987285597647
2029,XLFM473695395IKDUIFP,1.0190321845194026
2030,XR28473711332DEMQZU6,0.9628809999324149
2031,K3T3473708981C1EZO8M,0.9681728473376912
2032,S7AL473711818GW4E860,1.0068466495296082
2033,ODVQ473728396W1RTAE1,1.0260662615520029
2034,CHID473719508TIBHNCA,1.0190321845194026
2035,0KMZ473721156G7HUTF3,0.9823046804723733
2036,QFXV473731338NKG7GLF,1.0006393095497692
2037,M42I473735246I8G371I,0.9921401672560134
2038,ZCHM473742877UAUEFC5,1.0190321845194026
2039,1UD4473746144TG6TRUM,0.9602941777608316
2040,0FNP473745506D1VMVDL,0.947491003588172
2041,7YNB473753172WPO3OIE,0.9832568291266367
2042,HOAU473753455V5PSZZ7,0.970558331106401
2043,VMB6473761671TFYPLDE,0.9762958702266502
2044,DU70473773677GUSPEUJ,1.0137966134271152
2045,X9QZ473774403LSXM4BO,1.0027447080861582
2046,NHRH473775612FH6SQTU,1.0168946969461696
2047,30FZ473775316RFS61EL,1.0190321845194026
2048,ZB3R473779447CA2K5PD,1.0033015942147352
2049,GGO9473781763SIPFPII,1.0027447080861582
2050,JU26473778899GMX5VWD,0.9645914882657542
2051,FNK4473782397S4X4RCN,1.0008424201916715
2052,RA0Q473786528JBI5YTH,1.0801468017782063
2053,73WD473798095KXB587G,0.9770764751929325
2054,RWSM473795902QZ8KXID,0.9770764751929325
2055,MUHV473801744GJVXMJS,1.0119242700493618
2056,8W4S473801138QOX8S4K,0.9364557425211121
2057,0UWR473807120QG8U6JY,1.0082553952520807
2058,Z949473808475C8PTEKW,1.0529672068372309
2059,96MQ473811821EMUVA5G,1.0074412571872489
2060,KX5D473814674OBMJFXP,0.9411086493816504
2061,31KT473816235QODWWB8,1.0260662615520029
2062,EDHD473822741VK8SEZJ,0.9939812622480573
2063,XRW3473824301EKUHHX9,1.0190321845194026
2064,B31K473835658SVDPS1S,0.9762958702266502
2065,ER8D473837760ULEPIDT,1.020817744970267
2066,PLOH473845434HDMJM7D,0.9823046804723733
2067,7X67473851801ZRZUYED,1.009461456129153
2068,0DLC473868127EFQ3J0H,1.0077738364077693
2069,HJE6473871662RKZOWLR,0.9679763666484944
2070,6TVQ473868928U2H8DG6,1.0594131467103702
2071,W5K7473871648CEDFH62,1.0190321845194026
2072,7EIK473874831ZLS0XNN,1.0190321845194026
2073,X932473882122JMJMBT8,1.0135908738653634
2074,MG42473892957BC9LUGN,0.9298261115414481
2075,8RJJ473896593NOVOC9C,1.0027447080861582
2076,OOVE473923975IY5LX3G,1.0168652469245114
2077,97VH473931582SHDKT6T,0.9961987285597647
2078,19IM473947748MOLEWO3,0.9770594831129914
2079,9ZNS473983953BEQ827P,0.9542465846934696
2080,J5O2473985046GT55SQN,0.9842256249836572
2081,ZNNK473995611C4UXOVI,1.0008424201916715
2082,HIJX473994468HUFUSQN,1.0260662615520029
2083,YSRI473965956O37RDEH,1.016658884615256
2084,UW8U474020483CDYFOS4,1.0676827875702903
2085,88VA474026868BEVYV6J,1.0488612901018686
2086,GH5O474025701WONARYI,0.9762958702266502
2087,RKBT474105678DRO49O9,0.9800339614989482
2088,E5HG474127040YPNAHK2,0.9943588860631117
2089,IHBU474172788XX2M5T3,1.0260662615520029
2090,74PA474146793ITO287T,1.0006393095497692
2091,H3R7474199094B198ACG,0.9714521007281326
2092,PDJT474098582QQKR7TA,1.0033015942147352
2093,I2EH474331177Q8T523I,1.0331723675489384
