Cell,Age,Gender,Income,Hispanic,Race,Weight
1,2.0,1.0,3.0,2.0,1.0,0.762222519
1,1.0,2.0,1.0,1.0,1.0,0.736460008
1,3.0,1.0,3.0,2.0,0.0,1.135965298
1,5.0,2.0,5.0,2.0,1.0,1.02975142
1,2.0,2.0,1.0,1.0,1.0,0.577786027
1,5.0,2.0,1.0,2.0,1.0,0.970439653
1,2.0,2.0,5.0,2.0,1.0,0.7190372490000001
1,3.0,2.0,1.0,2.0,0.0,1.009882421
1,2.0,1.0,1.0,2.0,1.0,0.679873893
1,2.0,1.0,3.0,1.0,1.0,0.6499220729999999
1,2.0,2.0,5.0,1.0,1.0,0.613099414
1,2.0,1.0,3.0,2.0,1.0,0.762222519
1,2.0,2.0,3.0,2.0,1.0,0.7596979140000001
1,2.0,2.0,2.0,1.0,1.0,0.789091112
1,5.0,1.0,1.0,2.0,1.0,0.973664588
1,5.0,2.0,1.0,2.0,1.0,0.970439653
1,5.0,1.0,3.0,2.0,1.0,1.091598136
1,1.0,2.0,2.0,1.0,0.0,1.055690605
1,1.0,2.0,1.0,2.0,1.0,0.8637133990000001
1,6.0,2.0,7.0,2.0,1.0,0.946439358
1,3.0,1.0,1.0,2.0,1.0,0.965348847
1,2.0,1.0,4.0,2.0,1.0,0.992735976
1,1.0,1.0,2.0,2.0,1.0,1.183506411
1,3.0,1.0,5.0,1.0,1.0,0.873429105
1,3.0,1.0,7.0,2.0,0.0,1.363341465
1,2.0,2.0,1.0,2.0,1.0,0.67762204
1,1.0,1.0,4.0,2.0,0.0,1.328138192
1,2.0,1.0,4.0,2.0,1.0,0.992735976
1,3.0,1.0,1.0,2.0,1.0,0.965348847
1,2.0,2.0,3.0,1.0,1.0,0.647769426
1,3.0,2.0,3.0,1.0,0.0,0.965392087
1,6.0,1.0,3.0,2.0,1.0,0.7912141659999999
1,2.0,1.0,3.0,2.0,1.0,0.762222519
1,2.0,1.0,3.0,2.0,1.0,0.762222519
1,4.0,1.0,1.0,2.0,1.0,0.97557013
1,2.0,1.0,2.0,2.0,1.0,0.9285140540000001
1,4.0,2.0,4.0,2.0,1.0,1.4197865230000002
1,2.0,1.0,2.0,2.0,1.0,0.9285140540000001
1,2.0,1.0,5.0,1.0,1.0,0.615136847
1,4.0,1.0,3.0,2.0,1.0,1.093734485
1,6.0,1.0,3.0,2.0,1.0,0.7912141659999999
1,2.0,2.0,2.0,2.0,1.0,0.9254386640000001
1,2.0,1.0,2.0,2.0,1.0,0.9285140540000001
1,2.0,1.0,5.0,2.0,1.0,0.7214267320000001
1,4.0,1.0,5.0,2.0,1.0,1.035195464
1,2.0,1.0,3.0,2.0,0.0,0.800035295
1,2.0,1.0,2.0,2.0,1.0,0.9285140540000001
1,6.0,1.0,2.0,2.0,1.0,0.963830711
1,1.0,1.0,3.0,2.0,1.0,0.971547209
1,2.0,2.0,6.0,1.0,0.0,0.81599481
1,2.0,1.0,6.0,2.0,1.0,0.9147898870000001
1,4.0,1.0,7.0,2.0,1.0,1.312657682
1,1.0,1.0,1.0,1.0,1.0,0.7389073890000001
1,2.0,1.0,4.0,2.0,1.0,0.992735976
1,6.0,2.0,3.0,1.0,0.0,0.7057649659999999
1,6.0,1.0,3.0,2.0,1.0,0.7912141659999999
1,1.0,1.0,3.0,2.0,0.0,1.0197442859999999
1,3.0,1.0,3.0,2.0,1.0,1.082275165
1,4.0,1.0,5.0,2.0,1.0,1.035195464
1,6.0,2.0,7.0,2.0,1.0,0.946439358
1,2.0,2.0,4.0,2.0,0.0,1.038532976
1,5.0,1.0,2.0,2.0,1.0,1.329748446
1,1.0,2.0,7.0,2.0,1.0,1.162151231
1,2.0,1.0,3.0,2.0,1.0,0.762222519
1,4.0,2.0,1.0,2.0,1.0,0.9723388829999999
1,3.0,1.0,1.0,2.0,1.0,0.965348847
1,4.0,2.0,3.0,2.0,1.0,1.090111859
1,5.0,1.0,5.0,2.0,1.0,1.033173458
1,2.0,2.0,2.0,2.0,1.0,0.9254386640000001
1,5.0,2.0,3.0,2.0,1.0,1.0879825859999999
1,3.0,1.0,2.0,2.0,1.0,1.318391514
1,2.0,2.0,2.0,2.0,1.0,0.9254386640000001
1,3.0,1.0,4.0,2.0,1.0,1.409579835
1,5.0,2.0,1.0,2.0,0.0,1.018581784
1,4.0,2.0,2.0,1.0,0.0,1.18846023
1,5.0,2.0,4.0,2.0,1.0,1.41701331
1,5.0,1.0,3.0,2.0,1.0,1.091598136
1,3.0,1.0,5.0,2.0,0.0,1.075165993
1,3.0,2.0,4.0,2.0,1.0,1.404911077
1,2.0,2.0,7.0,2.0,1.0,0.9117599540000001
1,6.0,2.0,2.0,2.0,1.0,0.9606383470000001
1,3.0,2.0,2.0,2.0,1.0,1.3140247870000001
1,3.0,1.0,1.0,2.0,1.0,0.965348847
1,2.0,1.0,5.0,2.0,0.0,0.7572156859999999
1,5.0,1.0,3.0,2.0,1.0,1.091598136
1,5.0,2.0,7.0,2.0,1.0,1.305754477
1,6.0,1.0,1.0,2.0,1.0,0.705733354
1,4.0,2.0,3.0,2.0,1.0,1.090111859
1,4.0,2.0,3.0,2.0,1.0,1.090111859
1,5.0,2.0,1.0,2.0,1.0,0.970439653
1,2.0,1.0,3.0,2.0,1.0,0.762222519
1,2.0,1.0,1.0,2.0,1.0,0.679873893
1,2.0,2.0,4.0,2.0,1.0,0.9894478729999999
1,5.0,1.0,4.0,2.0,0.0,1.492251907
1,6.0,2.0,5.0,2.0,1.0,0.746386315
1,6.0,2.0,1.0,2.0,1.0,0.7033958509999999
1,2.0,2.0,2.0,2.0,0.0,0.971348361
1,5.0,1.0,4.0,2.0,1.0,1.421722285
1,6.0,1.0,3.0,2.0,1.0,0.7912141659999999
1,4.0,2.0,3.0,2.0,1.0,1.090111859
1,2.0,2.0,3.0,2.0,1.0,0.7596979140000001
1,4.0,2.0,4.0,2.0,1.0,1.4197865230000002
1,3.0,1.0,4.0,1.0,1.0,1.201902365
1,5.0,1.0,1.0,2.0,1.0,0.973664588
1,5.0,2.0,3.0,2.0,1.0,1.0879825859999999
1,6.0,1.0,5.0,2.0,1.0,0.7488666829999999
1,5.0,2.0,6.0,2.0,1.0,1.305754477
1,4.0,2.0,1.0,2.0,1.0,0.9723388829999999
1,4.0,2.0,2.0,2.0,0.0,1.393815025
1,3.0,2.0,3.0,2.0,1.0,1.0786904940000002
1,2.0,2.0,3.0,2.0,0.0,0.797385448
1,6.0,2.0,1.0,2.0,1.0,0.7033958509999999
1,3.0,2.0,5.0,1.0,0.0,0.913722228
1,2.0,2.0,3.0,1.0,1.0,0.647769426
1,6.0,2.0,3.0,2.0,1.0,0.7885935359999999
1,5.0,1.0,2.0,2.0,1.0,1.329748446
1,6.0,2.0,3.0,2.0,1.0,0.7885935359999999
1,3.0,1.0,4.0,2.0,1.0,1.409579835
1,2.0,1.0,5.0,2.0,1.0,0.7214267320000001
1,2.0,2.0,4.0,2.0,1.0,0.9894478729999999
1,5.0,2.0,2.0,2.0,1.0,1.325344104
1,2.0,1.0,2.0,1.0,1.0,0.791713395
1,4.0,2.0,1.0,2.0,0.0,1.020575233
1,3.0,2.0,2.0,2.0,1.0,1.3140247870000001
1,5.0,2.0,2.0,2.0,1.0,1.325344104
1,4.0,2.0,3.0,2.0,1.0,1.090111859
1,6.0,2.0,2.0,2.0,0.0,1.00829425
1,5.0,2.0,5.0,2.0,1.0,1.02975142
1,5.0,1.0,2.0,2.0,1.0,1.329748446
1,3.0,1.0,1.0,2.0,0.0,1.013238431
1,5.0,2.0,3.0,2.0,1.0,1.0879825859999999
1,4.0,2.0,3.0,2.0,1.0,1.090111859
1,3.0,2.0,2.0,2.0,1.0,1.3140247870000001
1,4.0,1.0,1.0,2.0,0.0,1.023966778
1,5.0,2.0,3.0,2.0,1.0,1.0879825859999999
1,1.0,2.0,2.0,2.0,1.0,1.179586445
1,3.0,2.0,3.0,2.0,1.0,1.0786904940000002
1,5.0,2.0,3.0,2.0,1.0,1.0879825859999999
1,5.0,2.0,6.0,2.0,1.0,1.305754477
1,6.0,2.0,4.0,2.0,1.0,1.0270821890000001
1,5.0,2.0,3.0,2.0,1.0,1.0879825859999999
1,4.0,2.0,5.0,2.0,1.0,1.031766729
1,5.0,1.0,2.0,2.0,1.0,1.329748446
1,4.0,2.0,5.0,2.0,1.0,1.031766729
1,6.0,1.0,2.0,2.0,1.0,0.963830711
1,2.0,2.0,5.0,2.0,0.0,0.754707665
1,4.0,2.0,1.0,2.0,1.0,0.9723388829999999
1,5.0,1.0,6.0,2.0,1.0,1.31009372
1,5.0,2.0,3.0,2.0,1.0,1.0879825859999999
1,3.0,2.0,6.0,2.0,1.0,1.294602469
1,5.0,2.0,6.0,2.0,1.0,1.305754477
1,4.0,2.0,5.0,2.0,1.0,1.031766729
1,4.0,1.0,3.0,2.0,1.0,1.093734485
1,4.0,2.0,2.0,2.0,1.0,1.327937912
1,4.0,2.0,6.0,2.0,1.0,1.3083099470000001
1,3.0,2.0,3.0,2.0,0.0,1.1322027959999998
1,6.0,1.0,1.0,2.0,1.0,0.705733354
1,4.0,1.0,4.0,2.0,1.0,1.4245047130000001
1,1.0,1.0,4.0,2.0,1.0,1.265365222
1,6.0,2.0,2.0,2.0,1.0,0.9606383470000001
1,4.0,2.0,4.0,2.0,1.0,1.4197865230000002
1,4.0,2.0,1.0,2.0,1.0,0.9723388829999999
1,5.0,1.0,3.0,2.0,1.0,1.091598136
1,5.0,1.0,2.0,2.0,1.0,1.329748446
1,1.0,2.0,5.0,2.0,1.0,0.916502223
1,2.0,2.0,3.0,2.0,1.0,0.7596979140000001
1,6.0,2.0,5.0,2.0,0.0,0.783413479
1,6.0,2.0,1.0,2.0,1.0,0.7033958509999999
1,3.0,1.0,3.0,2.0,1.0,1.082275165
1,4.0,2.0,5.0,2.0,1.0,1.031766729
1,3.0,2.0,1.0,2.0,1.0,0.962151455
1,2.0,1.0,3.0,2.0,1.0,0.762222519
1,3.0,1.0,4.0,2.0,1.0,1.409579835
1,1.0,2.0,2.0,2.0,1.0,1.179586445
1,2.0,2.0,1.0,2.0,0.0,0.711237907
1,2.0,2.0,5.0,2.0,0.0,0.754707665
1,1.0,2.0,3.0,2.0,0.0,1.016366727
1,3.0,1.0,3.0,2.0,0.0,1.135965298
1,6.0,2.0,3.0,2.0,1.0,0.7885935359999999
1,4.0,2.0,3.0,2.0,1.0,1.090111859
1,3.0,2.0,4.0,2.0,1.0,1.404911077
1,3.0,2.0,1.0,2.0,1.0,0.962151455
1,5.0,1.0,5.0,2.0,1.0,1.033173458
1,4.0,2.0,4.0,2.0,1.0,1.4197865230000002
1,6.0,1.0,1.0,2.0,1.0,0.705733354
1,5.0,2.0,2.0,2.0,1.0,1.325344104
1,2.0,2.0,3.0,2.0,0.0,0.797385448
1,2.0,2.0,1.0,2.0,1.0,0.67762204
1,6.0,1.0,3.0,2.0,0.0,0.8304651759999999
1,5.0,1.0,2.0,2.0,1.0,1.329748446
1,6.0,2.0,1.0,2.0,1.0,0.7033958509999999
1,5.0,1.0,3.0,2.0,1.0,1.091598136
1,4.0,2.0,2.0,2.0,1.0,1.327937912
1,3.0,1.0,5.0,1.0,1.0,0.873429105
1,6.0,2.0,3.0,2.0,1.0,0.7885935359999999
1,3.0,1.0,4.0,2.0,1.0,1.409579835
1,4.0,1.0,4.0,2.0,1.0,1.4245047130000001
1,5.0,1.0,5.0,2.0,1.0,1.033173458
1,3.0,1.0,3.0,2.0,1.0,1.082275165
1,6.0,1.0,2.0,2.0,1.0,0.963830711
1,3.0,1.0,7.0,2.0,1.0,1.298904652
1,4.0,1.0,3.0,2.0,1.0,1.093734485
1,6.0,1.0,3.0,2.0,1.0,0.7912141659999999
1,4.0,1.0,6.0,2.0,1.0,1.312657682
1,2.0,1.0,3.0,1.0,1.0,0.6499220729999999
1,1.0,1.0,2.0,1.0,0.0,1.059198843
1,2.0,1.0,3.0,2.0,1.0,0.762222519
1,4.0,1.0,1.0,1.0,1.0,0.8318365640000001
1,1.0,1.0,3.0,1.0,1.0,0.828406352
1,3.0,1.0,2.0,2.0,1.0,1.318391514
1,2.0,1.0,6.0,2.0,1.0,0.9147898870000001
1,2.0,1.0,3.0,1.0,0.0,0.682163783
1,2.0,2.0,1.0,2.0,1.0,0.67762204
1,4.0,2.0,5.0,2.0,1.0,1.031766729
1,6.0,2.0,1.0,2.0,1.0,0.7033958509999999
1,4.0,1.0,4.0,2.0,1.0,1.4245047130000001
1,6.0,1.0,4.0,2.0,1.0,1.030495357
1,2.0,2.0,1.0,2.0,1.0,0.67762204
1,6.0,2.0,4.0,2.0,1.0,1.0270821890000001
1,3.0,1.0,5.0,2.0,1.0,1.024349472
1,2.0,2.0,4.0,2.0,1.0,0.9894478729999999
1,4.0,2.0,1.0,2.0,1.0,0.9723388829999999
1,2.0,1.0,5.0,2.0,1.0,0.7214267320000001
1,5.0,1.0,4.0,2.0,1.0,1.421722285
1,3.0,1.0,3.0,2.0,1.0,1.082275165
1,4.0,1.0,5.0,2.0,1.0,1.035195464
1,1.0,1.0,3.0,2.0,0.0,1.0197442859999999
1,5.0,1.0,2.0,2.0,1.0,1.329748446
1,2.0,1.0,2.0,2.0,1.0,0.9285140540000001
1,2.0,1.0,4.0,2.0,0.0,1.0419841970000001
1,6.0,1.0,3.0,2.0,1.0,0.7912141659999999
1,2.0,1.0,1.0,2.0,1.0,0.679873893
1,6.0,1.0,5.0,2.0,1.0,0.7488666829999999
1,2.0,1.0,1.0,2.0,1.0,0.679873893
1,5.0,2.0,2.0,2.0,1.0,1.325344104
1,2.0,2.0,3.0,2.0,1.0,0.7596979140000001
1,6.0,2.0,7.0,2.0,1.0,0.946439358
1,4.0,2.0,5.0,2.0,1.0,1.031766729
1,5.0,2.0,1.0,2.0,1.0,0.970439653
1,5.0,2.0,3.0,2.0,1.0,1.0879825859999999
1,6.0,2.0,2.0,2.0,1.0,0.9606383470000001
1,5.0,2.0,2.0,2.0,1.0,1.325344104
1,2.0,2.0,4.0,2.0,1.0,0.9894478729999999
1,6.0,2.0,3.0,2.0,1.0,0.7885935359999999
1,4.0,2.0,1.0,2.0,1.0,0.9723388829999999
1,2.0,1.0,1.0,2.0,1.0,0.679873893
1,3.0,1.0,1.0,2.0,1.0,0.965348847
1,4.0,1.0,3.0,2.0,1.0,1.093734485
1,2.0,1.0,3.0,1.0,1.0,0.6499220729999999
1,2.0,1.0,3.0,2.0,0.0,0.800035295
1,2.0,1.0,2.0,2.0,1.0,0.9285140540000001
1,2.0,1.0,4.0,2.0,1.0,0.992735976
1,3.0,1.0,6.0,2.0,1.0,1.298904652
1,3.0,1.0,6.0,1.0,0.0,1.162476428
1,2.0,1.0,2.0,2.0,1.0,0.9285140540000001
1,3.0,1.0,4.0,2.0,1.0,1.409579835
1,2.0,1.0,5.0,1.0,0.0,0.645652911
1,2.0,1.0,2.0,2.0,0.0,0.9745763159999999
1,5.0,2.0,1.0,2.0,1.0,0.970439653
1,5.0,1.0,1.0,2.0,0.0,1.021966704
1,3.0,1.0,2.0,2.0,1.0,1.318391514
1,3.0,1.0,2.0,2.0,1.0,1.318391514
1,3.0,2.0,4.0,2.0,1.0,1.404911077
1,5.0,1.0,3.0,2.0,1.0,1.091598136
1,5.0,1.0,1.0,2.0,1.0,0.973664588
1,6.0,1.0,5.0,2.0,1.0,0.7488666829999999
1,2.0,1.0,3.0,1.0,0.0,0.682163783
1,2.0,1.0,3.0,1.0,1.0,0.6499220729999999
1,6.0,1.0,5.0,2.0,1.0,0.7488666829999999
1,1.0,2.0,5.0,2.0,1.0,0.916502223
1,2.0,2.0,1.0,2.0,1.0,0.67762204
1,2.0,1.0,1.0,2.0,1.0,0.679873893
1,2.0,2.0,2.0,2.0,1.0,0.9254386640000001
1,3.0,2.0,1.0,2.0,1.0,0.962151455
1,5.0,1.0,1.0,1.0,1.0,0.830211771
1,3.0,2.0,2.0,2.0,1.0,1.3140247870000001
1,1.0,1.0,5.0,2.0,1.0,0.919547914
1,2.0,2.0,4.0,2.0,0.0,1.038532976
1,3.0,2.0,3.0,1.0,1.0,0.919763907
1,3.0,2.0,1.0,2.0,1.0,0.962151455
1,2.0,2.0,1.0,1.0,1.0,0.577786027
1,2.0,2.0,3.0,2.0,1.0,0.7596979140000001
1,3.0,1.0,7.0,2.0,1.0,1.298904652
1,2.0,1.0,3.0,2.0,1.0,0.762222519
1,4.0,1.0,1.0,2.0,0.0,1.023966778
1,4.0,1.0,4.0,2.0,1.0,1.4245047130000001
1,6.0,2.0,4.0,2.0,1.0,1.0270821890000001
1,1.0,2.0,2.0,2.0,1.0,1.179586445
1,5.0,2.0,1.0,2.0,0.0,1.018581784
1,4.0,2.0,2.0,2.0,1.0,1.327937912
1,3.0,1.0,1.0,1.0,1.0,0.823121212
1,4.0,1.0,3.0,2.0,1.0,1.093734485
1,4.0,1.0,3.0,2.0,1.0,1.093734485
1,2.0,2.0,3.0,2.0,1.0,0.7596979140000001
1,4.0,2.0,2.0,2.0,1.0,1.327937912
1,6.0,1.0,2.0,2.0,1.0,0.963830711
1,4.0,2.0,2.0,2.0,1.0,1.327937912
1,5.0,2.0,4.0,2.0,1.0,1.41701331
1,6.0,2.0,1.0,1.0,1.0,0.599762508
2,4.0,2.0,3.0,2.0,1.0,0.954948445
2,4.0,1.0,3.0,2.0,0.0,0.7487931040000001
2,5.0,2.0,1.0,2.0,1.0,1.065865082
2,5.0,2.0,4.0,2.0,1.0,1.071896327
2,4.0,2.0,1.0,2.0,1.0,1.025507897
2,4.0,2.0,2.0,1.0,0.0,0.605050991
2,4.0,2.0,4.0,2.0,1.0,1.031310779
2,1.0,1.0,2.0,1.0,1.0,0.900548366
2,5.0,2.0,2.0,2.0,1.0,0.920353235
2,4.0,2.0,4.0,2.0,1.0,1.031310779
2,4.0,2.0,1.0,2.0,1.0,1.025507897
2,6.0,2.0,2.0,2.0,1.0,0.914016706
2,4.0,2.0,1.0,2.0,1.0,1.025507897
2,2.0,1.0,3.0,2.0,1.0,1.335427827
2,6.0,2.0,4.0,2.0,1.0,1.0645164409999999
2,3.0,2.0,2.0,2.0,1.0,0.979442941
2,4.0,2.0,1.0,2.0,1.0,1.025507897
2,2.0,1.0,5.0,2.0,1.0,1.16530394
2,5.0,1.0,3.0,2.0,1.0,1.035069523
2,4.0,1.0,5.0,2.0,1.0,0.869010629
2,4.0,1.0,3.0,2.0,0.0,0.7487931040000001
2,5.0,2.0,6.0,2.0,1.0,0.9495803840000001
2,6.0,2.0,1.0,2.0,1.0,1.05852672
2,3.0,2.0,3.0,2.0,0.0,0.794187944
2,5.0,2.0,4.0,2.0,1.0,1.071896327
2,3.0,2.0,4.0,2.0,1.0,1.1407155979999999
2,6.0,1.0,3.0,2.0,1.0,1.027943185
2,6.0,1.0,4.0,2.0,1.0,1.1101425329999999
2,6.0,1.0,3.0,2.0,1.0,1.027943185
2,3.0,2.0,3.0,2.0,1.0,1.0562524979999999
2,5.0,2.0,3.0,2.0,1.0,0.9925288790000001
2,1.0,2.0,3.0,2.0,1.0,1.024764716
2,3.0,1.0,5.0,2.0,1.0,0.961198117
2,5.0,1.0,4.0,2.0,1.0,1.117838728
2,2.0,2.0,1.0,2.0,1.0,1.3751596959999999
2,6.0,2.0,4.0,2.0,1.0,1.0645164409999999
2,3.0,2.0,6.0,2.0,1.0,1.010546569
2,4.0,2.0,2.0,2.0,1.0,0.8855056109999999
2,3.0,2.0,3.0,2.0,1.0,1.0562524979999999
2,4.0,2.0,3.0,2.0,0.0,0.718018224
2,5.0,1.0,2.0,2.0,1.0,0.9598003690000001
2,6.0,1.0,5.0,2.0,1.0,0.8969906259999999
2,5.0,1.0,5.0,2.0,1.0,0.90320912
2,1.0,2.0,1.0,2.0,1.0,1.100482768
2,3.0,2.0,7.0,2.0,1.0,1.010546569
2,2.0,2.0,2.0,2.0,1.0,1.187422965
2,2.0,2.0,2.0,2.0,1.0,1.187422965
2,5.0,1.0,4.0,2.0,1.0,1.117838728
2,4.0,2.0,3.0,2.0,1.0,0.954948445
2,3.0,2.0,3.0,2.0,1.0,1.0562524979999999
2,2.0,1.0,5.0,2.0,0.0,0.876182865
2,4.0,2.0,1.0,2.0,0.0,0.77107132
2,5.0,2.0,5.0,2.0,1.0,0.8660878479999999
2,5.0,2.0,2.0,2.0,1.0,0.920353235
2,6.0,2.0,2.0,2.0,1.0,0.914016706
2,6.0,2.0,7.0,2.0,1.0,0.94304263
2,3.0,1.0,2.0,2.0,1.0,1.02142271
2,4.0,2.0,3.0,2.0,1.0,0.954948445
2,4.0,2.0,3.0,2.0,1.0,0.954948445
2,2.0,2.0,3.0,2.0,1.0,1.2805426640000002
2,5.0,1.0,2.0,2.0,1.0,0.9598003690000001
2,5.0,1.0,1.0,2.0,0.0,0.835764933
2,2.0,2.0,2.0,2.0,0.0,0.892813986
2,2.0,2.0,4.0,2.0,1.0,1.382941098
2,2.0,2.0,5.0,2.0,1.0,1.117410751
2,5.0,2.0,2.0,2.0,1.0,0.920353235
2,5.0,2.0,1.0,2.0,1.0,1.065865082
2,3.0,2.0,4.0,2.0,1.0,1.1407155979999999
2,6.0,2.0,6.0,2.0,1.0,0.94304263
2,3.0,1.0,2.0,2.0,1.0,1.02142271
2,6.0,2.0,7.0,2.0,1.0,0.94304263
2,6.0,1.0,5.0,2.0,1.0,0.8969906259999999
2,5.0,2.0,1.0,2.0,1.0,1.065865082
2,5.0,2.0,1.0,2.0,1.0,1.065865082
2,5.0,1.0,3.0,2.0,1.0,1.035069523
2,4.0,2.0,4.0,2.0,1.0,1.031310779
2,3.0,2.0,1.0,2.0,1.0,1.134297127
2,5.0,1.0,2.0,1.0,0.0,0.655815341
2,2.0,2.0,2.0,2.0,1.0,1.187422965
2,3.0,2.0,2.0,2.0,1.0,0.979442941
2,2.0,2.0,3.0,2.0,0.0,0.962829956
2,5.0,1.0,5.0,2.0,1.0,0.90320912
2,5.0,2.0,1.0,2.0,1.0,1.065865082
2,3.0,2.0,3.0,1.0,0.0,0.721719448
2,6.0,1.0,3.0,2.0,1.0,1.027943185
2,2.0,2.0,2.0,2.0,1.0,1.187422965
2,3.0,1.0,4.0,2.0,0.0,0.894456635
2,6.0,1.0,2.0,2.0,1.0,0.9531922509999999
2,5.0,1.0,6.0,2.0,1.0,0.990280218
2,6.0,2.0,1.0,2.0,1.0,1.05852672
2,4.0,2.0,6.0,2.0,1.0,0.913626123
2,4.0,2.0,5.0,2.0,1.0,0.833294891
2,4.0,2.0,1.0,2.0,1.0,1.025507897
2,2.0,2.0,3.0,2.0,1.0,1.2805426640000002
2,2.0,2.0,1.0,2.0,1.0,1.3751596959999999
2,2.0,2.0,2.0,2.0,1.0,1.187422965
2,2.0,2.0,4.0,2.0,1.0,1.382941098
2,4.0,1.0,5.0,1.0,1.0,0.7897146709999999
2,2.0,1.0,6.0,2.0,0.0,0.960648581
2,6.0,1.0,2.0,2.0,1.0,0.9531922509999999
2,5.0,1.0,6.0,2.0,1.0,0.990280218
2,4.0,2.0,3.0,2.0,1.0,0.954948445
2,2.0,2.0,3.0,2.0,1.0,1.2805426640000002
2,4.0,1.0,3.0,2.0,0.0,0.7487931040000001
2,3.0,2.0,2.0,2.0,1.0,0.979442941
2,4.0,2.0,6.0,2.0,1.0,0.913626123
2,5.0,2.0,2.0,2.0,1.0,0.920353235
2,4.0,2.0,2.0,2.0,1.0,0.8855056109999999
2,4.0,1.0,2.0,1.0,1.0,0.83919484
2,2.0,2.0,2.0,2.0,1.0,1.187422965
2,4.0,2.0,2.0,2.0,1.0,0.8855056109999999
2,1.0,2.0,3.0,2.0,1.0,1.024764716
2,1.0,1.0,1.0,1.0,1.0,1.042928976
2,1.0,1.0,2.0,2.0,1.0,0.990973234
2,5.0,1.0,1.0,2.0,1.0,1.111548978
2,3.0,1.0,5.0,2.0,1.0,0.961198117
2,4.0,2.0,6.0,2.0,1.0,0.913626123
2,4.0,2.0,3.0,1.0,1.0,0.867810787
2,1.0,1.0,3.0,1.0,1.0,0.971170878
2,1.0,1.0,1.0,1.0,1.0,1.042928976
2,2.0,2.0,2.0,2.0,1.0,1.187422965
2,4.0,2.0,2.0,2.0,1.0,0.8855056109999999
2,5.0,2.0,3.0,2.0,1.0,0.9925288790000001
2,3.0,1.0,5.0,2.0,1.0,0.961198117
2,5.0,2.0,1.0,2.0,1.0,1.065865082
2,3.0,1.0,6.0,1.0,0.0,0.72008433
2,4.0,2.0,2.0,2.0,1.0,0.8855056109999999
2,3.0,2.0,6.0,2.0,0.0,0.759822016
2,4.0,1.0,6.0,2.0,1.0,0.9527849270000001
2,1.0,2.0,2.0,2.0,1.0,0.950244917
2,4.0,2.0,5.0,2.0,1.0,0.833294891
2,2.0,2.0,3.0,2.0,1.0,1.2805426640000002
2,4.0,2.0,3.0,2.0,1.0,0.954948445
2,5.0,2.0,4.0,1.0,1.0,0.9740873440000001
2,5.0,1.0,3.0,2.0,1.0,1.035069523
2,2.0,2.0,2.0,2.0,0.0,0.892813986
2,5.0,1.0,1.0,1.0,1.0,1.010121749
2,5.0,2.0,6.0,2.0,1.0,0.9495803840000001
2,6.0,2.0,2.0,2.0,1.0,0.914016706
2,5.0,1.0,3.0,2.0,1.0,1.035069523
2,3.0,2.0,5.0,2.0,0.0,0.69301412
2,2.0,1.0,2.0,2.0,1.0,1.238316937
2,2.0,2.0,3.0,2.0,0.0,0.962829956
2,2.0,1.0,3.0,1.0,0.0,0.912475223
2,5.0,2.0,3.0,2.0,1.0,0.9925288790000001
2,6.0,2.0,4.0,2.0,1.0,1.0645164409999999
2,5.0,2.0,3.0,2.0,1.0,0.9925288790000001
2,4.0,1.0,3.0,2.0,1.0,0.9958783590000001
2,4.0,1.0,6.0,2.0,1.0,0.9527849270000001
2,5.0,2.0,3.0,2.0,1.0,0.9925288790000001
2,4.0,1.0,2.0,2.0,1.0,0.923459145
2,1.0,2.0,6.0,1.0,0.0,0.6699052879999999
2,5.0,1.0,3.0,2.0,1.0,1.035069523
2,1.0,1.0,4.0,1.0,1.0,1.048830436
2,6.0,2.0,2.0,2.0,1.0,0.914016706
2,4.0,2.0,1.0,2.0,1.0,1.025507897
2,3.0,1.0,3.0,2.0,0.0,0.828227525
2,3.0,2.0,4.0,2.0,0.0,0.857695084
2,5.0,2.0,2.0,2.0,1.0,0.920353235
2,4.0,2.0,1.0,2.0,1.0,1.025507897
2,2.0,2.0,4.0,2.0,1.0,1.382941098
2,5.0,2.0,2.0,2.0,1.0,0.920353235
2,2.0,1.0,1.0,2.0,1.0,1.434100226
2,1.0,2.0,2.0,2.0,0.0,0.714481678
2,4.0,2.0,2.0,2.0,1.0,0.8855056109999999
2,2.0,2.0,1.0,2.0,1.0,1.3751596959999999
2,3.0,2.0,7.0,2.0,0.0,0.759822016
2,1.0,2.0,1.0,2.0,1.0,1.100482768
2,4.0,2.0,4.0,2.0,1.0,1.031310779
2,3.0,2.0,4.0,2.0,1.0,1.1407155979999999
2,2.0,1.0,3.0,2.0,0.0,1.004097678
2,5.0,2.0,4.0,2.0,1.0,1.071896327
2,6.0,2.0,3.0,2.0,1.0,0.9856954290000001
2,5.0,1.0,4.0,2.0,1.0,1.117838728
2,4.0,2.0,2.0,2.0,1.0,0.8855056109999999
2,3.0,1.0,1.0,2.0,1.0,1.18291408
2,5.0,2.0,4.0,2.0,1.0,1.071896327
2,3.0,2.0,1.0,2.0,0.0,0.8528690870000001
2,6.0,2.0,1.0,2.0,1.0,1.05852672
2,5.0,1.0,1.0,2.0,1.0,1.111548978
2,2.0,1.0,6.0,2.0,0.0,0.960648581
2,4.0,1.0,7.0,2.0,1.0,0.9527849270000001
2,4.0,2.0,6.0,2.0,1.0,0.913626123
2,3.0,2.0,2.0,2.0,1.0,0.979442941
2,5.0,2.0,1.0,2.0,1.0,1.065865082
2,4.0,2.0,1.0,2.0,1.0,1.025507897
2,6.0,1.0,3.0,2.0,1.0,1.027943185
2,3.0,2.0,6.0,2.0,1.0,1.010546569
2,6.0,1.0,2.0,2.0,1.0,0.9531922509999999
2,2.0,2.0,2.0,2.0,1.0,1.187422965
2,3.0,1.0,3.0,1.0,1.0,1.0010118909999999
2,2.0,2.0,2.0,1.0,1.0,1.079072344
2,3.0,2.0,6.0,2.0,1.0,1.010546569
2,5.0,2.0,1.0,2.0,1.0,1.065865082
2,1.0,2.0,2.0,2.0,0.0,0.714481678
2,6.0,1.0,2.0,2.0,0.0,0.716697755
2,2.0,1.0,4.0,2.0,1.0,1.442215147
2,2.0,2.0,4.0,2.0,1.0,1.382941098
2,3.0,2.0,2.0,2.0,1.0,0.979442941
2,3.0,2.0,5.0,2.0,1.0,0.921693537
2,3.0,1.0,5.0,2.0,1.0,0.961198117
2,2.0,2.0,3.0,2.0,1.0,1.2805426640000002
2,5.0,2.0,2.0,2.0,1.0,0.920353235
2,5.0,1.0,2.0,2.0,1.0,0.9598003690000001
2,4.0,1.0,3.0,2.0,1.0,0.9958783590000001
2,2.0,1.0,5.0,2.0,0.0,0.876182865
2,6.0,1.0,3.0,2.0,1.0,1.027943185
2,4.0,1.0,2.0,2.0,1.0,0.923459145
2,3.0,1.0,3.0,2.0,0.0,0.828227525
2,1.0,2.0,2.0,2.0,1.0,0.950244917
2,5.0,1.0,1.0,2.0,1.0,1.111548978
2,3.0,1.0,4.0,2.0,0.0,0.894456635
2,1.0,1.0,1.0,2.0,1.0,1.1476504090000001
2,6.0,1.0,3.0,2.0,1.0,1.027943185
2,5.0,1.0,6.0,2.0,1.0,0.990280218
2,1.0,1.0,5.0,2.0,0.0,0.701172488
2,4.0,1.0,5.0,2.0,1.0,0.869010629
2,4.0,1.0,3.0,2.0,1.0,0.9958783590000001
2,2.0,1.0,1.0,2.0,0.0,1.0782886790000001
2,6.0,1.0,1.0,2.0,1.0,1.103896088
2,2.0,1.0,3.0,1.0,0.0,0.912475223
2,3.0,1.0,5.0,2.0,1.0,0.961198117
2,1.0,1.0,7.0,1.0,0.0,0.6986180059999999
2,2.0,1.0,4.0,1.0,0.0,0.9854411909999999
2,6.0,1.0,4.0,2.0,1.0,1.1101425329999999
2,2.0,1.0,6.0,2.0,0.0,0.960648581
2,2.0,1.0,2.0,2.0,1.0,1.238316937
2,4.0,1.0,4.0,1.0,0.0,0.7348802659999999
2,3.0,1.0,3.0,2.0,1.0,1.1015243909999999
2,1.0,1.0,3.0,2.0,1.0,1.068687016
2,4.0,1.0,3.0,2.0,1.0,0.9958783590000001
2,5.0,1.0,3.0,2.0,1.0,1.035069523
2,3.0,1.0,4.0,2.0,1.0,1.189607652
2,3.0,1.0,2.0,2.0,1.0,1.02142271
2,2.0,1.0,3.0,2.0,1.0,1.335427827
2,1.0,1.0,3.0,2.0,1.0,1.068687016
2,6.0,1.0,2.0,2.0,1.0,0.9531922509999999
2,3.0,1.0,4.0,2.0,0.0,0.894456635
2,2.0,1.0,3.0,2.0,1.0,1.335427827
2,5.0,2.0,7.0,2.0,0.0,0.713982021
2,4.0,1.0,7.0,2.0,1.0,0.9527849270000001
2,1.0,1.0,3.0,2.0,0.0,0.80353736
2,6.0,2.0,4.0,2.0,1.0,1.0645164409999999
2,4.0,1.0,2.0,2.0,1.0,0.923459145
2,3.0,1.0,2.0,2.0,1.0,1.02142271
2,5.0,1.0,1.0,2.0,1.0,1.111548978
2,3.0,1.0,5.0,2.0,0.0,0.7227173029999999
2,3.0,1.0,5.0,2.0,0.0,0.7227173029999999
2,2.0,1.0,3.0,1.0,0.0,0.912475223
2,2.0,1.0,3.0,1.0,0.0,0.912475223
2,1.0,1.0,4.0,2.0,0.0,0.867792125
2,5.0,1.0,4.0,1.0,1.0,1.015837568
2,4.0,1.0,6.0,2.0,1.0,0.9527849270000001
2,3.0,1.0,3.0,2.0,0.0,0.828227525
2,2.0,1.0,1.0,2.0,1.0,1.434100226
2,3.0,1.0,3.0,2.0,1.0,1.1015243909999999
2,4.0,1.0,3.0,2.0,1.0,0.9958783590000001
2,3.0,1.0,4.0,1.0,1.0,1.081057682
2,3.0,1.0,1.0,2.0,1.0,1.18291408
2,3.0,1.0,6.0,2.0,1.0,1.053859467
2,3.0,1.0,3.0,2.0,1.0,1.1015243909999999
2,5.0,1.0,3.0,2.0,1.0,1.035069523
2,3.0,1.0,2.0,1.0,1.0,0.928219372
2,2.0,1.0,4.0,2.0,1.0,1.442215147
2,3.0,1.0,5.0,2.0,1.0,0.961198117
2,5.0,2.0,1.0,2.0,1.0,1.065865082
2,3.0,1.0,4.0,2.0,1.0,1.189607652
2,3.0,1.0,5.0,1.0,1.0,0.873490185
2,5.0,1.0,1.0,2.0,1.0,1.111548978
2,4.0,1.0,6.0,2.0,1.0,0.9527849270000001
2,4.0,2.0,4.0,2.0,1.0,1.031310779
2,6.0,1.0,3.0,2.0,1.0,1.027943185
2,4.0,1.0,3.0,2.0,1.0,0.9958783590000001
2,2.0,1.0,2.0,2.0,1.0,1.238316937
2,3.0,1.0,3.0,2.0,0.0,0.828227525
2,4.0,1.0,5.0,2.0,1.0,0.869010629
2,3.0,2.0,6.0,2.0,1.0,1.010546569
2,2.0,1.0,2.0,1.0,0.0,0.8461209959999999
2,3.0,1.0,5.0,2.0,1.0,0.961198117
2,2.0,1.0,1.0,2.0,1.0,1.434100226
2,3.0,2.0,2.0,2.0,1.0,0.979442941
2,2.0,2.0,4.0,2.0,1.0,1.382941098
2,4.0,1.0,5.0,2.0,0.0,0.653402256
2,3.0,1.0,6.0,2.0,0.0,0.792388643
2,6.0,1.0,3.0,2.0,1.0,1.027943185
2,5.0,1.0,5.0,2.0,1.0,0.90320912
2,2.0,1.0,4.0,2.0,1.0,1.442215147
2,3.0,1.0,5.0,2.0,1.0,0.961198117
2,5.0,1.0,5.0,2.0,1.0,0.90320912
2,5.0,1.0,5.0,2.0,1.0,0.90320912
2,4.0,1.0,4.0,2.0,1.0,1.075513648
2,6.0,2.0,3.0,2.0,1.0,0.9856954290000001
2,5.0,2.0,5.0,2.0,1.0,0.8660878479999999
2,2.0,1.0,5.0,2.0,0.0,0.876182865
2,6.0,1.0,5.0,2.0,1.0,0.8969906259999999
2,6.0,2.0,2.0,2.0,1.0,0.914016706
2,2.0,1.0,3.0,1.0,1.0,1.213571978
2,5.0,2.0,1.0,2.0,1.0,1.065865082
2,4.0,2.0,5.0,2.0,1.0,0.833294891
2,4.0,2.0,7.0,2.0,1.0,0.913626123
3,4.0,1.0,5.0,2.0,0.0,1.205126283
3,5.0,2.0,3.0,2.0,1.0,1.080934474
3,5.0,2.0,2.0,1.0,0.0,0.973012784
3,5.0,2.0,1.0,2.0,1.0,1.098253562
3,2.0,2.0,7.0,2.0,1.0,1.329118051
3,5.0,2.0,4.0,2.0,1.0,0.9527884209999999
3,2.0,2.0,2.0,2.0,1.0,1.184149801
3,6.0,1.0,1.0,2.0,1.0,1.016089936
3,5.0,2.0,2.0,2.0,1.0,0.9607760879999999
3,4.0,2.0,1.0,2.0,1.0,0.90952676
3,4.0,1.0,4.0,2.0,1.0,0.761418052
3,4.0,1.0,4.0,2.0,1.0,0.761418052
3,1.0,2.0,3.0,1.0,1.0,1.07581486
3,5.0,2.0,2.0,2.0,1.0,0.9607760879999999
3,5.0,1.0,3.0,2.0,1.0,1.043069403
3,5.0,2.0,4.0,2.0,1.0,0.9527884209999999
3,3.0,1.0,3.0,2.0,1.0,0.87652891
3,4.0,2.0,1.0,2.0,1.0,0.90952676
3,4.0,2.0,3.0,2.0,1.0,0.89518383
3,2.0,2.0,4.0,2.0,0.0,1.257811368
3,3.0,2.0,1.0,1.0,1.0,0.8726044740000001
3,4.0,2.0,2.0,2.0,1.0,0.795673779
3,5.0,1.0,2.0,2.0,1.0,0.9271201579999999
3,3.0,1.0,2.0,2.0,1.0,0.77909257
3,4.0,2.0,2.0,2.0,1.0,0.795673779
3,2.0,1.0,3.0,2.0,0.0,1.3769946430000002
3,5.0,2.0,2.0,2.0,1.0,0.9607760879999999
3,6.0,2.0,2.0,2.0,1.0,0.9211659520000001
3,6.0,1.0,1.0,2.0,1.0,1.016089936
3,4.0,2.0,2.0,2.0,1.0,0.795673779
3,5.0,2.0,3.0,2.0,1.0,1.080934474
3,4.0,1.0,2.0,2.0,1.0,0.767801373
3,4.0,2.0,6.0,2.0,1.0,0.893083275
3,4.0,2.0,7.0,2.0,1.0,0.893083275
3,5.0,2.0,1.0,2.0,1.0,1.098253562
3,5.0,2.0,1.0,2.0,1.0,1.098253562
3,5.0,1.0,3.0,2.0,1.0,1.043069403
3,4.0,2.0,1.0,2.0,1.0,0.90952676
3,4.0,2.0,6.0,2.0,1.0,0.893083275
3,6.0,2.0,2.0,2.0,1.0,0.9211659520000001
3,5.0,2.0,3.0,2.0,1.0,1.080934474
3,6.0,1.0,5.0,2.0,1.0,1.3025692
3,3.0,2.0,1.0,2.0,1.0,0.922902153
3,4.0,1.0,5.0,2.0,1.0,1.125117744
3,3.0,1.0,3.0,2.0,0.0,0.938859984
3,1.0,2.0,1.0,2.0,1.0,1.156056381
3,5.0,2.0,1.0,2.0,1.0,1.098253562
3,6.0,2.0,2.0,2.0,1.0,0.9211659520000001
3,4.0,2.0,2.0,2.0,1.0,0.795673779
3,3.0,1.0,3.0,2.0,1.0,0.87652891
3,5.0,2.0,7.0,2.0,1.0,1.078398055
3,3.0,2.0,5.0,2.0,1.0,1.18310779
3,6.0,1.0,3.0,2.0,1.0,1.000066541
3,4.0,1.0,3.0,2.0,1.0,0.863825592
3,6.0,2.0,2.0,2.0,1.0,0.9211659520000001
3,5.0,1.0,2.0,2.0,1.0,0.9271201579999999
3,2.0,2.0,1.0,2.0,1.0,1.353589825
3,6.0,2.0,6.0,2.0,1.0,1.033938691
3,3.0,2.0,3.0,2.0,1.0,0.9083482979999999
3,6.0,2.0,5.0,2.0,1.0,1.3498545259999999
3,4.0,1.0,2.0,2.0,1.0,0.767801373
3,3.0,1.0,3.0,2.0,1.0,0.87652891
3,6.0,2.0,4.0,2.0,1.0,0.913507595
3,6.0,2.0,3.0,2.0,1.0,1.036370541
3,5.0,2.0,5.0,2.0,1.0,1.40789827
3,5.0,2.0,1.0,2.0,1.0,1.098253562
3,6.0,1.0,1.0,1.0,1.0,0.9607135729999999
3,4.0,2.0,3.0,2.0,1.0,0.89518383
3,4.0,2.0,2.0,2.0,1.0,0.795673779
3,3.0,2.0,1.0,2.0,1.0,0.922902153
3,2.0,2.0,3.0,2.0,1.0,1.33224417
3,5.0,2.0,3.0,2.0,0.0,1.157801085
3,5.0,2.0,2.0,2.0,1.0,0.9607760879999999
3,4.0,2.0,3.0,2.0,1.0,0.89518383
3,1.0,1.0,2.0,1.0,1.0,0.922729052
3,3.0,2.0,1.0,2.0,1.0,0.922902153
3,4.0,2.0,7.0,2.0,1.0,0.893083275
3,5.0,1.0,1.0,2.0,1.0,1.059781804
3,4.0,2.0,3.0,2.0,1.0,0.89518383
3,5.0,1.0,2.0,2.0,1.0,0.9271201579999999
3,5.0,1.0,5.0,2.0,1.0,1.358579676
3,5.0,1.0,3.0,2.0,1.0,1.043069403
3,4.0,2.0,4.0,2.0,1.0,0.789058734
3,4.0,2.0,3.0,2.0,1.0,0.89518383
3,4.0,2.0,1.0,2.0,1.0,0.90952676
3,2.0,2.0,4.0,1.0,0.0,1.1892613140000001
3,5.0,1.0,4.0,2.0,1.0,0.919412298
3,6.0,2.0,1.0,2.0,1.0,1.052975611
3,5.0,2.0,1.0,2.0,1.0,1.098253562
3,5.0,2.0,3.0,2.0,1.0,1.080934474
3,5.0,1.0,2.0,2.0,1.0,0.9271201579999999
3,4.0,2.0,1.0,2.0,1.0,0.90952676
3,5.0,2.0,1.0,2.0,1.0,1.098253562
3,4.0,1.0,6.0,2.0,1.0,0.86179862
3,4.0,2.0,5.0,2.0,1.0,1.1659613009999998
3,5.0,2.0,1.0,2.0,1.0,1.098253562
3,5.0,2.0,4.0,2.0,1.0,0.9527884209999999
3,6.0,2.0,4.0,2.0,1.0,0.913507595
3,5.0,2.0,5.0,2.0,1.0,1.40789827
3,6.0,1.0,6.0,2.0,1.0,0.997719879
3,5.0,2.0,2.0,2.0,1.0,0.9607760879999999
3,3.0,2.0,3.0,2.0,0.0,0.972942089
3,4.0,1.0,3.0,2.0,1.0,0.863825592
3,2.0,2.0,4.0,2.0,1.0,1.174305057
3,4.0,1.0,4.0,2.0,1.0,0.761418052
3,3.0,2.0,4.0,2.0,1.0,0.8006625390000001
3,5.0,1.0,3.0,2.0,1.0,1.043069403
3,3.0,2.0,4.0,2.0,1.0,0.8006625390000001
3,3.0,2.0,1.0,2.0,0.0,0.988530887
3,5.0,1.0,4.0,2.0,1.0,0.919412298
3,4.0,2.0,2.0,2.0,1.0,0.795673779
3,4.0,1.0,3.0,2.0,1.0,0.863825592
3,3.0,2.0,2.0,2.0,1.0,0.807374864
3,4.0,1.0,3.0,2.0,1.0,0.863825592
3,3.0,2.0,4.0,1.0,1.0,0.757026854
3,3.0,2.0,3.0,2.0,1.0,0.9083482979999999
3,3.0,1.0,5.0,2.0,1.0,1.1416635929999999
3,3.0,2.0,1.0,2.0,1.0,0.922902153
3,1.0,2.0,4.0,2.0,1.0,1.00293518
3,6.0,2.0,2.0,2.0,1.0,0.9211659520000001
3,4.0,2.0,2.0,2.0,0.0,0.8522551429999999
3,2.0,1.0,3.0,1.0,1.0,1.215512537
3,6.0,1.0,4.0,2.0,1.0,0.881507477
3,2.0,1.0,4.0,2.0,1.0,1.133169219
3,3.0,2.0,4.0,2.0,1.0,0.8006625390000001
3,3.0,1.0,7.0,1.0,1.0,0.826813861
3,5.0,1.0,4.0,2.0,1.0,0.919412298
3,1.0,2.0,3.0,2.0,1.0,1.137825762
3,2.0,2.0,1.0,2.0,0.0,1.4498453009999999
3,2.0,1.0,3.0,1.0,1.0,1.215512537
3,4.0,2.0,3.0,2.0,1.0,0.89518383
3,5.0,2.0,6.0,2.0,1.0,1.078398055
3,4.0,1.0,2.0,2.0,1.0,0.767801373
3,1.0,2.0,2.0,2.0,1.0,1.011343251
3,2.0,1.0,3.0,1.0,1.0,1.215512537
3,3.0,2.0,2.0,2.0,1.0,0.807374864
3,4.0,1.0,3.0,2.0,1.0,0.863825592
3,5.0,1.0,6.0,2.0,1.0,1.040621834
3,1.0,2.0,1.0,2.0,1.0,1.156056381
3,2.0,1.0,3.0,2.0,1.0,1.285575734
3,3.0,2.0,3.0,2.0,1.0,0.9083482979999999
3,4.0,2.0,1.0,2.0,1.0,0.90952676
3,5.0,2.0,4.0,2.0,1.0,0.9527884209999999
3,3.0,2.0,4.0,1.0,1.0,0.757026854
3,1.0,2.0,4.0,2.0,0.0,1.074255164
3,4.0,2.0,1.0,2.0,1.0,0.90952676
3,5.0,2.0,1.0,2.0,1.0,1.098253562
3,3.0,1.0,2.0,2.0,1.0,0.77909257
3,4.0,2.0,2.0,2.0,1.0,0.795673779
3,5.0,2.0,2.0,2.0,1.0,0.9607760879999999
3,2.0,2.0,1.0,2.0,1.0,1.353589825
3,4.0,2.0,3.0,2.0,1.0,0.89518383
3,3.0,1.0,4.0,2.0,0.0,0.827557029
3,3.0,2.0,3.0,2.0,1.0,0.9083482979999999
3,4.0,1.0,5.0,2.0,1.0,1.125117744
3,3.0,2.0,3.0,2.0,1.0,0.9083482979999999
3,5.0,2.0,5.0,2.0,1.0,1.40789827
3,3.0,2.0,3.0,2.0,1.0,0.9083482979999999
3,6.0,1.0,5.0,2.0,1.0,1.3025692
3,6.0,2.0,1.0,2.0,1.0,1.052975611
3,2.0,2.0,6.0,2.0,1.0,1.329118051
3,2.0,2.0,5.0,2.0,0.0,1.858618776
3,6.0,1.0,4.0,2.0,1.0,0.881507477
3,4.0,2.0,1.0,2.0,1.0,0.90952676
3,5.0,2.0,1.0,2.0,1.0,1.098253562
3,4.0,2.0,3.0,2.0,1.0,0.89518383
3,1.0,1.0,2.0,1.0,1.0,0.922729052
3,4.0,2.0,3.0,2.0,1.0,0.89518383
3,4.0,2.0,1.0,2.0,0.0,0.974204352
3,4.0,2.0,1.0,2.0,1.0,0.90952676
3,4.0,2.0,3.0,2.0,1.0,0.89518383
3,2.0,2.0,2.0,2.0,1.0,1.184149801
3,4.0,1.0,6.0,2.0,1.0,0.86179862
3,1.0,1.0,1.0,2.0,1.0,1.115559793
3,4.0,1.0,6.0,2.0,1.0,0.86179862
3,1.0,1.0,1.0,2.0,0.0,1.194888655
3,2.0,2.0,4.0,1.0,1.0,1.110306053
3,3.0,2.0,4.0,2.0,1.0,0.8006625390000001
3,4.0,1.0,2.0,2.0,1.0,0.767801373
3,5.0,2.0,2.0,2.0,1.0,0.9607760879999999
3,6.0,2.0,5.0,2.0,1.0,1.3498545259999999
3,4.0,1.0,5.0,2.0,1.0,1.125117744
3,5.0,1.0,2.0,2.0,1.0,0.9271201579999999
3,3.0,2.0,3.0,2.0,1.0,0.9083482979999999
3,4.0,1.0,3.0,2.0,1.0,0.863825592
3,5.0,2.0,4.0,2.0,1.0,0.9527884209999999
3,5.0,2.0,7.0,2.0,1.0,1.078398055
3,2.0,2.0,2.0,2.0,1.0,1.184149801
3,6.0,1.0,4.0,2.0,1.0,0.881507477
3,3.0,1.0,3.0,2.0,1.0,0.87652891
3,4.0,2.0,4.0,2.0,1.0,0.789058734
3,3.0,2.0,4.0,2.0,1.0,0.8006625390000001
3,4.0,2.0,3.0,2.0,1.0,0.89518383
3,6.0,1.0,5.0,2.0,1.0,1.3025692
3,4.0,2.0,4.0,2.0,0.0,0.8451696940000001
3,1.0,2.0,2.0,2.0,1.0,1.011343251
3,3.0,1.0,4.0,2.0,1.0,0.772615377
3,2.0,2.0,2.0,2.0,1.0,1.184149801
3,5.0,2.0,3.0,2.0,1.0,1.080934474
3,2.0,2.0,4.0,2.0,1.0,1.174305057
3,2.0,1.0,2.0,1.0,0.0,1.157222435
3,2.0,2.0,2.0,2.0,0.0,1.2683561840000002
3,5.0,1.0,5.0,2.0,1.0,1.358579676
3,3.0,2.0,1.0,2.0,1.0,0.922902153
3,3.0,1.0,6.0,2.0,0.0,0.936656943
3,3.0,1.0,3.0,1.0,0.0,0.887692611
3,5.0,1.0,3.0,2.0,1.0,1.043069403
3,1.0,1.0,2.0,1.0,1.0,0.922729052
3,3.0,1.0,3.0,2.0,1.0,0.87652891
3,2.0,1.0,2.0,2.0,1.0,1.142669102
3,5.0,1.0,1.0,2.0,1.0,1.059781804
3,1.0,1.0,3.0,2.0,0.0,1.176045664
3,4.0,1.0,2.0,2.0,1.0,0.767801373
3,2.0,1.0,2.0,2.0,1.0,1.142669102
3,3.0,1.0,6.0,2.0,1.0,0.874472129
3,3.0,1.0,4.0,2.0,1.0,0.772615377
3,4.0,1.0,6.0,1.0,1.0,0.814831051
3,2.0,1.0,3.0,2.0,1.0,1.285575734
3,2.0,1.0,4.0,2.0,1.0,1.133169219
3,3.0,1.0,6.0,2.0,0.0,0.936656943
3,1.0,1.0,4.0,2.0,1.0,0.9678024190000001
3,3.0,1.0,2.0,2.0,1.0,0.77909257
3,3.0,1.0,3.0,2.0,1.0,0.87652891
3,1.0,1.0,3.0,1.0,0.0,1.1119517970000001
3,2.0,1.0,5.0,2.0,1.0,1.6744399369999998
3,3.0,1.0,1.0,2.0,1.0,0.8905729440000001
3,3.0,1.0,3.0,2.0,1.0,0.87652891
3,4.0,1.0,3.0,2.0,1.0,0.863825592
3,2.0,1.0,4.0,2.0,1.0,1.133169219
3,3.0,1.0,4.0,2.0,1.0,0.772615377
3,4.0,1.0,4.0,2.0,1.0,0.761418052
3,2.0,1.0,4.0,2.0,0.0,1.2137503090000001
3,4.0,1.0,7.0,2.0,0.0,0.923082205
3,3.0,1.0,3.0,2.0,1.0,0.87652891
3,2.0,1.0,3.0,1.0,1.0,1.215512537
3,3.0,2.0,5.0,2.0,1.0,1.18310779
3,4.0,1.0,3.0,2.0,1.0,0.863825592
3,3.0,1.0,4.0,2.0,0.0,0.827557029
3,1.0,1.0,3.0,2.0,1.0,1.097967792
3,3.0,1.0,4.0,2.0,1.0,0.772615377
3,2.0,1.0,5.0,2.0,1.0,1.6744399369999998
3,5.0,1.0,3.0,2.0,1.0,1.043069403
3,5.0,2.0,3.0,2.0,1.0,1.080934474
3,2.0,1.0,2.0,2.0,0.0,1.22392574
3,6.0,1.0,2.0,2.0,1.0,0.888897563
3,2.0,1.0,4.0,2.0,0.0,1.2137503090000001
3,3.0,1.0,2.0,2.0,1.0,0.77909257
3,3.0,1.0,3.0,2.0,1.0,0.87652891
3,1.0,1.0,6.0,2.0,1.0,1.0953914040000001
3,2.0,1.0,1.0,2.0,0.0,1.399057304
3,3.0,1.0,6.0,2.0,1.0,0.874472129
3,3.0,2.0,3.0,2.0,1.0,0.9083482979999999
3,3.0,1.0,4.0,2.0,1.0,0.772615377
3,2.0,1.0,3.0,2.0,1.0,1.285575734
3,1.0,1.0,2.0,1.0,1.0,0.922729052
3,2.0,1.0,5.0,2.0,1.0,1.6744399369999998
3,2.0,1.0,2.0,1.0,0.0,1.157222435
3,3.0,1.0,3.0,2.0,0.0,0.938859984
3,3.0,1.0,2.0,1.0,1.0,0.736632437
3,2.0,1.0,1.0,2.0,0.0,1.399057304
3,2.0,1.0,4.0,1.0,0.0,1.1476015590000002
3,2.0,1.0,1.0,2.0,1.0,1.306173652
3,3.0,1.0,3.0,1.0,0.0,0.887692611
3,3.0,1.0,6.0,2.0,1.0,0.874472129
3,2.0,1.0,5.0,1.0,0.0,1.6957660419999998
3,3.0,1.0,2.0,1.0,1.0,0.736632437
3,4.0,1.0,5.0,2.0,1.0,1.125117744
3,4.0,1.0,2.0,2.0,0.0,0.822400695
3,3.0,1.0,2.0,2.0,1.0,0.77909257
3,2.0,1.0,3.0,2.0,1.0,1.285575734
3,2.0,1.0,4.0,2.0,1.0,1.133169219
3,2.0,2.0,1.0,2.0,0.0,1.4498453009999999
3,3.0,1.0,6.0,2.0,1.0,0.874472129
3,2.0,1.0,3.0,2.0,1.0,1.285575734
3,3.0,1.0,5.0,2.0,1.0,1.1416635929999999
3,5.0,2.0,1.0,2.0,1.0,1.098253562
3,6.0,2.0,7.0,2.0,1.0,1.033938691
3,4.0,1.0,2.0,2.0,1.0,0.767801373
3,6.0,1.0,3.0,2.0,1.0,1.000066541
3,2.0,1.0,2.0,2.0,0.0,1.22392574
3,2.0,1.0,2.0,2.0,1.0,1.142669102
3,3.0,1.0,4.0,2.0,1.0,0.772615377
3,4.0,1.0,3.0,2.0,1.0,0.863825592
3,5.0,1.0,4.0,2.0,1.0,0.919412298
3,4.0,1.0,3.0,2.0,1.0,0.863825592
3,2.0,1.0,2.0,2.0,1.0,1.142669102
3,6.0,2.0,1.0,2.0,1.0,1.052975611
3,3.0,1.0,4.0,2.0,1.0,0.772615377
3,3.0,2.0,2.0,2.0,0.0,0.864788307
3,6.0,2.0,2.0,2.0,1.0,0.9211659520000001
3,5.0,1.0,2.0,2.0,1.0,0.9271201579999999
3,3.0,2.0,1.0,2.0,1.0,0.922902153
3,6.0,2.0,2.0,2.0,1.0,0.9211659520000001
3,5.0,2.0,4.0,2.0,1.0,0.9527884209999999
3,2.0,1.0,3.0,2.0,1.0,1.285575734
3,5.0,1.0,2.0,2.0,1.0,0.9271201579999999
3,6.0,2.0,2.0,2.0,1.0,0.9211659520000001
4,4.0,2.0,1.0,2.0,0.0,1.281683985
4,5.0,2.0,2.0,2.0,1.0,0.833087969
4,1.0,1.0,2.0,2.0,0.0,0.966878417
4,3.0,1.0,1.0,2.0,1.0,1.4269511380000002
4,5.0,2.0,2.0,2.0,1.0,0.833087969
4,6.0,2.0,2.0,2.0,1.0,0.863096002
4,1.0,2.0,7.0,1.0,1.0,0.770125915
4,5.0,2.0,3.0,2.0,1.0,0.900683758
4,2.0,2.0,3.0,2.0,1.0,0.8791995429999999
4,6.0,2.0,3.0,2.0,1.0,0.933126607
4,4.0,2.0,4.0,2.0,1.0,1.170639203
4,6.0,2.0,4.0,2.0,1.0,1.118120212
4,5.0,2.0,3.0,2.0,1.0,0.900683758
4,3.0,2.0,2.0,2.0,1.0,1.146059263
4,3.0,2.0,3.0,2.0,1.0,1.239049178
4,1.0,1.0,4.0,2.0,1.0,1.108306019
4,6.0,1.0,2.0,2.0,1.0,0.856279233
4,4.0,2.0,3.0,2.0,1.0,0.976956302
4,4.0,2.0,3.0,2.0,1.0,0.976956302
4,4.0,2.0,4.0,2.0,1.0,1.170639203
4,4.0,2.0,2.0,2.0,1.0,0.9036363040000001
4,5.0,1.0,2.0,1.0,1.0,0.644632261
4,6.0,2.0,2.0,2.0,1.0,0.863096002
4,6.0,1.0,3.0,1.0,1.0,0.722040813
4,1.0,1.0,2.0,2.0,1.0,0.85552026
4,6.0,1.0,3.0,2.0,1.0,0.9257567329999999
4,2.0,2.0,1.0,2.0,1.0,1.020590933
4,5.0,2.0,7.0,2.0,1.0,0.953923925
4,3.0,2.0,3.0,2.0,1.0,1.239049178
4,5.0,1.0,4.0,2.0,1.0,1.0707215970000001
4,4.0,1.0,6.0,2.0,1.0,1.026532859
4,4.0,2.0,1.0,2.0,1.0,1.134068769
4,3.0,2.0,3.0,2.0,1.0,1.239049178
4,3.0,2.0,4.0,2.0,1.0,1.4846923440000002
4,3.0,2.0,4.0,2.0,1.0,1.4846923440000002
4,4.0,2.0,3.0,2.0,1.0,0.976956302
4,5.0,1.0,3.0,2.0,0.0,1.009881007
4,5.0,1.0,5.0,2.0,1.0,0.9459878340000001
4,3.0,1.0,3.0,1.0,0.0,1.083555808
4,4.0,1.0,3.0,2.0,1.0,0.9692402590000001
4,5.0,2.0,2.0,2.0,1.0,0.833087969
4,5.0,2.0,3.0,2.0,1.0,0.900683758
4,4.0,2.0,7.0,2.0,1.0,1.034705003
4,5.0,2.0,2.0,2.0,1.0,0.833087969
4,5.0,1.0,2.0,2.0,1.0,0.826508205
4,5.0,1.0,1.0,2.0,1.0,1.03727256
4,5.0,2.0,2.0,2.0,1.0,0.833087969
4,4.0,2.0,5.0,2.0,1.0,1.034265534
4,1.0,2.0,1.0,2.0,0.0,1.223098065
4,3.0,1.0,1.0,2.0,1.0,1.4269511380000002
4,3.0,2.0,1.0,1.0,1.0,1.121805752
4,2.0,2.0,2.0,2.0,1.0,0.813216133
4,2.0,2.0,4.0,2.0,1.0,1.053502036
4,5.0,2.0,3.0,2.0,1.0,0.900683758
4,4.0,1.0,3.0,2.0,1.0,0.9692402590000001
4,5.0,2.0,3.0,2.0,1.0,0.900683758
4,6.0,2.0,7.0,2.0,1.0,0.988284498
4,4.0,2.0,4.0,2.0,1.0,1.170639203
4,5.0,2.0,2.0,2.0,1.0,0.833087969
4,5.0,2.0,2.0,2.0,1.0,0.833087969
4,6.0,2.0,2.0,2.0,1.0,0.863096002
4,4.0,1.0,2.0,2.0,1.0,0.8964993459999999
4,6.0,2.0,4.0,2.0,1.0,1.118120212
4,1.0,2.0,2.0,2.0,1.0,0.862330987
4,6.0,2.0,1.0,1.0,1.0,0.844830709
4,2.0,2.0,3.0,2.0,1.0,0.8791995429999999
4,3.0,2.0,2.0,2.0,1.0,1.146059263
4,5.0,2.0,1.0,2.0,1.0,1.0455302020000001
4,3.0,1.0,3.0,2.0,1.0,1.229263115
4,4.0,2.0,1.0,2.0,1.0,1.134068769
4,6.0,2.0,3.0,2.0,1.0,0.933126607
4,4.0,2.0,3.0,2.0,1.0,0.976956302
4,4.0,2.0,2.0,2.0,1.0,0.9036363040000001
4,3.0,1.0,5.0,2.0,1.0,1.301372916
4,6.0,2.0,3.0,2.0,1.0,0.933126607
4,5.0,2.0,3.0,2.0,0.0,1.017920588
4,5.0,2.0,1.0,1.0,1.0,0.815457722
4,4.0,2.0,1.0,2.0,1.0,1.134068769
4,5.0,1.0,3.0,2.0,1.0,0.893570119
4,6.0,1.0,1.0,2.0,1.0,1.0746353709999998
4,4.0,1.0,5.0,2.0,1.0,1.0260968609999999
4,6.0,1.0,6.0,2.0,1.0,0.980478985
4,6.0,2.0,2.0,2.0,1.0,0.863096002
4,3.0,2.0,5.0,1.0,1.0,1.0230817190000001
4,6.0,1.0,1.0,2.0,1.0,1.0746353709999998
4,2.0,2.0,3.0,2.0,1.0,0.8791995429999999
4,5.0,1.0,5.0,2.0,1.0,0.9459878340000001
4,5.0,1.0,1.0,2.0,1.0,1.03727256
4,3.0,2.0,1.0,2.0,1.0,1.4383109790000002
4,3.0,2.0,7.0,2.0,1.0,1.312290407
4,2.0,2.0,2.0,2.0,1.0,0.813216133
4,4.0,2.0,6.0,2.0,1.0,1.034705003
4,5.0,2.0,3.0,2.0,1.0,0.900683758
4,3.0,1.0,3.0,2.0,0.0,1.389269232
4,2.0,1.0,6.0,2.0,1.0,0.923815343
4,5.0,2.0,1.0,2.0,1.0,1.0455302020000001
4,1.0,2.0,3.0,2.0,1.0,0.9322995190000001
4,3.0,1.0,2.0,2.0,1.0,1.137007638
4,5.0,2.0,1.0,2.0,1.0,1.0455302020000001
4,4.0,1.0,1.0,2.0,1.0,1.125111845
4,2.0,2.0,3.0,2.0,0.0,0.993639897
4,2.0,2.0,6.0,2.0,1.0,0.9311697609999999
4,6.0,2.0,4.0,2.0,0.0,1.263659496
4,5.0,2.0,6.0,2.0,1.0,0.953923925
4,3.0,2.0,2.0,2.0,1.0,1.146059263
4,5.0,1.0,4.0,2.0,1.0,1.0707215970000001
4,3.0,2.0,2.0,2.0,0.0,1.295235213
4,6.0,2.0,5.0,2.0,1.0,0.987864745
4,4.0,1.0,4.0,2.0,1.0,1.161393445
4,5.0,2.0,3.0,2.0,1.0,0.900683758
4,2.0,1.0,2.0,2.0,1.0,0.806793317
4,3.0,2.0,3.0,2.0,0.0,1.40032909
4,6.0,2.0,2.0,2.0,1.0,0.863096002
4,2.0,2.0,2.0,2.0,0.0,0.919067805
4,5.0,2.0,1.0,2.0,0.0,1.181620862
4,2.0,2.0,2.0,2.0,1.0,0.813216133
4,5.0,1.0,2.0,2.0,1.0,0.826508205
4,5.0,2.0,2.0,2.0,1.0,0.833087969
4,6.0,1.0,4.0,2.0,0.0,1.253679059
4,5.0,1.0,4.0,2.0,1.0,1.0707215970000001
4,4.0,2.0,3.0,2.0,1.0,0.976956302
4,2.0,1.0,3.0,2.0,1.0,0.8722555879999999
4,2.0,2.0,3.0,2.0,1.0,0.8791995429999999
4,4.0,1.0,3.0,2.0,1.0,0.9692402590000001
4,5.0,1.0,2.0,2.0,1.0,0.826508205
4,4.0,1.0,1.0,2.0,1.0,1.125111845
4,4.0,2.0,1.0,2.0,0.0,1.281683985
4,4.0,2.0,3.0,2.0,1.0,0.976956302
4,2.0,1.0,4.0,2.0,0.0,1.181226694
4,2.0,2.0,6.0,2.0,1.0,0.9311697609999999
4,2.0,2.0,3.0,2.0,0.0,0.993639897
4,6.0,2.0,2.0,2.0,1.0,0.863096002
4,3.0,1.0,3.0,2.0,1.0,1.229263115
4,1.0,1.0,1.0,1.0,1.0,0.8374152890000001
4,1.0,2.0,1.0,2.0,1.0,1.082230357
4,2.0,2.0,2.0,2.0,1.0,0.813216133
4,1.0,2.0,2.0,2.0,1.0,0.862330987
4,1.0,2.0,7.0,2.0,1.0,0.987408521
4,3.0,2.0,3.0,2.0,1.0,1.239049178
4,1.0,2.0,2.0,2.0,1.0,0.862330987
4,4.0,2.0,3.0,2.0,1.0,0.976956302
4,2.0,1.0,1.0,2.0,1.0,1.012530262
4,2.0,1.0,4.0,2.0,1.0,1.0451814320000001
4,2.0,2.0,3.0,1.0,1.0,0.6857286909999999
4,5.0,2.0,5.0,2.0,1.0,0.953518766
4,5.0,1.0,6.0,2.0,1.0,0.9463897929999999
4,5.0,2.0,1.0,2.0,1.0,1.0455302020000001
4,4.0,1.0,2.0,2.0,1.0,0.8964993459999999
4,5.0,1.0,2.0,2.0,1.0,0.826508205
4,3.0,1.0,2.0,2.0,1.0,1.137007638
4,5.0,2.0,6.0,2.0,1.0,0.953923925
4,4.0,1.0,1.0,2.0,1.0,1.125111845
4,5.0,2.0,4.0,2.0,1.0,1.079245524
4,6.0,2.0,1.0,2.0,1.0,1.0831904559999999
4,2.0,2.0,3.0,2.0,1.0,0.8791995429999999
4,6.0,1.0,3.0,2.0,1.0,0.9257567329999999
4,2.0,2.0,3.0,1.0,1.0,0.6857286909999999
4,2.0,1.0,2.0,2.0,1.0,0.806793317
4,3.0,2.0,2.0,2.0,1.0,1.146059263
4,4.0,2.0,2.0,2.0,1.0,0.9036363040000001
4,4.0,1.0,3.0,2.0,1.0,0.9692402590000001
4,5.0,2.0,3.0,2.0,1.0,0.900683758
4,5.0,2.0,2.0,2.0,1.0,0.833087969
4,5.0,2.0,3.0,1.0,1.0,0.7024852309999999
4,4.0,2.0,5.0,2.0,1.0,1.034265534
4,1.0,1.0,1.0,1.0,1.0,0.8374152890000001
4,4.0,2.0,1.0,2.0,0.0,1.281683985
4,3.0,2.0,3.0,2.0,1.0,1.239049178
4,4.0,2.0,7.0,2.0,0.0,1.169386609
4,6.0,2.0,4.0,2.0,1.0,1.118120212
4,3.0,1.0,4.0,2.0,1.0,1.4729661809999999
4,2.0,2.0,4.0,2.0,1.0,1.053502036
4,6.0,2.0,3.0,2.0,1.0,0.933126607
4,5.0,2.0,5.0,2.0,1.0,0.953518766
4,4.0,2.0,2.0,2.0,1.0,0.9036363040000001
4,1.0,2.0,3.0,2.0,1.0,0.9322995190000001
4,5.0,1.0,4.0,2.0,1.0,1.0707215970000001
4,4.0,1.0,5.0,2.0,1.0,1.0260968609999999
4,3.0,2.0,6.0,1.0,1.0,1.023516436
4,5.0,1.0,5.0,1.0,0.0,0.833857781
4,2.0,2.0,2.0,2.0,1.0,0.813216133
4,3.0,1.0,3.0,1.0,0.0,1.083555808
4,4.0,2.0,3.0,2.0,1.0,0.976956302
4,4.0,2.0,4.0,2.0,1.0,1.170639203
4,3.0,2.0,3.0,2.0,1.0,1.239049178
4,3.0,1.0,3.0,1.0,1.0,0.958759582
4,2.0,1.0,5.0,2.0,0.0,1.043619635
4,4.0,2.0,4.0,2.0,1.0,1.170639203
4,3.0,2.0,1.0,1.0,1.0,1.121805752
4,2.0,1.0,5.0,2.0,1.0,0.923422972
4,5.0,1.0,3.0,2.0,1.0,0.893570119
4,5.0,1.0,2.0,2.0,1.0,0.826508205
4,4.0,2.0,2.0,2.0,1.0,0.9036363040000001
4,2.0,2.0,2.0,1.0,1.0,0.634265155
4,5.0,2.0,1.0,2.0,1.0,1.0455302020000001
4,5.0,2.0,4.0,2.0,1.0,1.079245524
4,2.0,2.0,2.0,2.0,1.0,0.813216133
4,3.0,2.0,6.0,2.0,1.0,1.312290407
4,2.0,1.0,2.0,2.0,0.0,0.911808968
4,4.0,1.0,4.0,2.0,1.0,1.161393445
4,2.0,2.0,4.0,2.0,0.0,1.190630343
4,5.0,2.0,2.0,2.0,1.0,0.833087969
4,4.0,2.0,4.0,2.0,1.0,1.170639203
4,4.0,1.0,1.0,2.0,1.0,1.125111845
4,1.0,2.0,1.0,2.0,1.0,1.082230357
4,2.0,1.0,1.0,2.0,1.0,1.012530262
4,3.0,2.0,1.0,2.0,1.0,1.4383109790000002
4,5.0,1.0,3.0,2.0,1.0,0.893570119
4,2.0,1.0,3.0,2.0,1.0,0.8722555879999999
4,4.0,1.0,6.0,2.0,1.0,1.026532859
4,4.0,1.0,1.0,1.0,1.0,0.877527154
4,2.0,1.0,4.0,2.0,1.0,1.0451814320000001
4,5.0,1.0,1.0,2.0,1.0,1.03727256
4,1.0,2.0,2.0,2.0,1.0,0.862330987
4,4.0,1.0,2.0,1.0,0.0,0.790235273
4,2.0,1.0,6.0,2.0,1.0,0.923815343
4,5.0,1.0,3.0,2.0,1.0,0.893570119
4,5.0,1.0,5.0,2.0,1.0,0.9459878340000001
4,3.0,1.0,1.0,2.0,1.0,1.4269511380000002
4,2.0,1.0,3.0,1.0,1.0,0.680312777
4,2.0,1.0,3.0,2.0,0.0,0.9857920859999999
4,4.0,1.0,3.0,2.0,1.0,0.9692402590000001
4,2.0,1.0,7.0,2.0,0.0,1.044063078
4,2.0,1.0,3.0,2.0,1.0,0.8722555879999999
4,2.0,1.0,5.0,2.0,1.0,0.923422972
4,1.0,1.0,1.0,2.0,1.0,1.073682856
4,2.0,1.0,4.0,2.0,0.0,1.181226694
4,6.0,1.0,3.0,2.0,1.0,0.9257567329999999
4,3.0,1.0,4.0,1.0,1.0,1.148834959
4,2.0,1.0,3.0,2.0,1.0,0.8722555879999999
4,5.0,1.0,6.0,2.0,1.0,0.9463897929999999
4,2.0,1.0,2.0,1.0,1.0,0.629255702
4,4.0,1.0,2.0,2.0,1.0,0.8964993459999999
4,3.0,1.0,2.0,2.0,0.0,1.28500539
4,6.0,1.0,7.0,2.0,0.0,1.108102302
4,5.0,1.0,5.0,2.0,1.0,0.9459878340000001
4,2.0,1.0,5.0,1.0,1.0,0.7202206040000001
4,1.0,1.0,1.0,2.0,1.0,1.073682856
4,3.0,1.0,4.0,1.0,1.0,1.148834959
4,2.0,1.0,2.0,1.0,0.0,0.7111623009999999
4,3.0,1.0,1.0,2.0,1.0,1.4269511380000002
4,5.0,1.0,5.0,2.0,1.0,0.9459878340000001
4,4.0,1.0,2.0,2.0,1.0,0.8964993459999999
4,1.0,1.0,5.0,1.0,1.0,0.763718916
4,2.0,1.0,5.0,2.0,1.0,0.923422972
4,5.0,2.0,2.0,2.0,1.0,0.833087969
4,4.0,1.0,4.0,2.0,0.0,1.312565357
4,2.0,2.0,5.0,2.0,0.0,1.051927805
4,6.0,1.0,3.0,2.0,1.0,0.9257567329999999
4,4.0,1.0,3.0,1.0,1.0,0.7559556409999999
4,2.0,1.0,6.0,2.0,1.0,0.923815343
4,2.0,1.0,3.0,2.0,1.0,0.8722555879999999
4,1.0,1.0,2.0,2.0,1.0,0.85552026
4,3.0,1.0,5.0,2.0,1.0,1.301372916
4,5.0,1.0,2.0,2.0,1.0,0.826508205
4,2.0,1.0,1.0,2.0,1.0,1.012530262
4,5.0,1.0,2.0,2.0,1.0,0.826508205
4,3.0,1.0,3.0,2.0,1.0,1.229263115
4,3.0,1.0,3.0,2.0,1.0,1.229263115
4,1.0,1.0,4.0,2.0,1.0,1.108306019
4,2.0,1.0,5.0,1.0,0.0,0.8139675820000001
4,1.0,1.0,2.0,1.0,1.0,0.667260115
4,2.0,1.0,3.0,2.0,0.0,0.9857920859999999
4,5.0,1.0,2.0,2.0,1.0,0.826508205
4,5.0,1.0,5.0,2.0,1.0,0.9459878340000001
4,4.0,2.0,2.0,2.0,1.0,0.9036363040000001
4,2.0,1.0,1.0,2.0,1.0,1.012530262
4,6.0,1.0,5.0,2.0,1.0,0.9800625470000001
4,3.0,1.0,5.0,2.0,1.0,1.301372916
4,3.0,1.0,5.0,2.0,1.0,1.301372916
4,2.0,1.0,3.0,2.0,1.0,0.8722555879999999
4,2.0,1.0,3.0,2.0,0.0,0.9857920859999999
4,2.0,2.0,3.0,2.0,1.0,0.8791995429999999
4,4.0,1.0,2.0,2.0,1.0,0.8964993459999999
4,2.0,1.0,3.0,2.0,1.0,0.8722555879999999
4,2.0,1.0,2.0,2.0,1.0,0.806793317
4,2.0,1.0,6.0,2.0,0.0,1.044063078
4,3.0,1.0,2.0,2.0,1.0,1.137007638
4,2.0,1.0,4.0,2.0,1.0,1.0451814320000001
4,3.0,1.0,5.0,2.0,1.0,1.301372916
4,2.0,1.0,3.0,2.0,1.0,0.8722555879999999
4,2.0,2.0,4.0,2.0,1.0,1.053502036
4,4.0,1.0,4.0,2.0,1.0,1.161393445
4,6.0,1.0,3.0,2.0,1.0,0.9257567329999999
4,6.0,1.0,2.0,2.0,1.0,0.856279233
4,6.0,1.0,2.0,2.0,1.0,0.856279233
4,6.0,2.0,4.0,1.0,1.0,0.872074053
4,2.0,1.0,4.0,2.0,0.0,1.181226694
4,5.0,1.0,5.0,2.0,1.0,0.9459878340000001
4,2.0,1.0,4.0,2.0,0.0,1.181226694
4,2.0,1.0,5.0,2.0,0.0,1.043619635
4,2.0,1.0,5.0,2.0,0.0,1.043619635
4,5.0,1.0,4.0,2.0,1.0,1.0707215970000001
4,2.0,2.0,5.0,2.0,1.0,0.930774267
4,6.0,2.0,7.0,2.0,1.0,0.988284498
4,3.0,2.0,6.0,2.0,1.0,1.312290407
4,4.0,2.0,6.0,2.0,1.0,1.034705003
4,6.0,2.0,1.0,2.0,1.0,1.0831904559999999
4,2.0,1.0,4.0,2.0,1.0,1.0451814320000001
5,2.0,2.0,1.0,2.0,1.0,0.819603375
5,3.0,1.0,2.0,2.0,1.0,1.25488465
5,3.0,2.0,4.0,2.0,1.0,0.94650046
5,5.0,2.0,3.0,2.0,0.0,0.945518051
5,5.0,2.0,6.0,2.0,1.0,0.949258788
5,4.0,2.0,5.0,2.0,1.0,1.147069208
5,2.0,1.0,4.0,2.0,1.0,0.751248092
5,3.0,2.0,3.0,2.0,1.0,1.304040131
5,3.0,1.0,4.0,2.0,0.0,0.8628224940000001
5,4.0,2.0,3.0,2.0,1.0,1.184114034
5,5.0,2.0,2.0,2.0,1.0,0.998118362
5,5.0,2.0,2.0,2.0,1.0,0.998118362
5,3.0,2.0,6.0,2.0,0.0,1.044148536
5,3.0,2.0,5.0,2.0,1.0,1.263243435
5,5.0,2.0,1.0,2.0,1.0,0.85578399
5,4.0,1.0,1.0,2.0,1.0,0.976986338
5,3.0,2.0,3.0,2.0,1.0,1.304040131
5,5.0,1.0,4.0,2.0,1.0,0.784411227
5,2.0,2.0,3.0,2.0,1.0,1.013984095
5,3.0,2.0,3.0,2.0,1.0,1.304040131
5,1.0,2.0,2.0,1.0,0.0,1.031687835
5,3.0,1.0,3.0,2.0,1.0,1.331108091
5,1.0,2.0,4.0,2.0,1.0,0.73829054
5,2.0,2.0,5.0,2.0,0.0,0.877213888
5,2.0,1.0,6.0,2.0,1.0,0.9279970040000001
5,4.0,1.0,3.0,2.0,1.0,1.208692689
5,3.0,2.0,5.0,2.0,1.0,1.263243435
5,6.0,1.0,5.0,2.0,1.0,1.144003266
5,2.0,2.0,3.0,2.0,1.0,1.013984095
5,4.0,2.0,2.0,2.0,1.0,1.116307935
5,4.0,1.0,2.0,2.0,1.0,1.139479139
5,4.0,2.0,2.0,2.0,1.0,1.116307935
5,3.0,2.0,3.0,2.0,1.0,1.304040131
5,5.0,2.0,5.0,2.0,1.0,1.025622772
5,4.0,1.0,4.0,2.0,1.0,0.87729523
5,2.0,2.0,3.0,2.0,0.0,0.9055436840000001
5,3.0,2.0,4.0,2.0,1.0,0.94650046
5,3.0,2.0,4.0,2.0,1.0,0.94650046
5,5.0,1.0,2.0,2.0,1.0,1.018836305
5,5.0,1.0,4.0,2.0,1.0,0.784411227
5,5.0,2.0,6.0,2.0,1.0,0.949258788
5,6.0,1.0,2.0,2.0,1.0,1.1133242140000001
5,2.0,2.0,2.0,2.0,1.0,0.955920172
5,6.0,2.0,4.0,2.0,1.0,0.839728082
5,2.0,1.0,7.0,2.0,0.0,0.828752472
5,5.0,1.0,4.0,2.0,1.0,0.784411227
5,4.0,2.0,1.0,2.0,1.0,0.957119411
5,5.0,2.0,2.0,2.0,1.0,0.998118362
5,2.0,2.0,7.0,1.0,1.0,1.0952325440000001
5,2.0,2.0,4.0,2.0,0.0,0.657263142
5,6.0,2.0,2.0,2.0,1.0,1.0906848690000002
5,5.0,2.0,1.0,2.0,1.0,0.85578399
5,4.0,1.0,1.0,2.0,1.0,0.976986338
5,6.0,2.0,1.0,2.0,1.0,0.9351502620000001
5,2.0,2.0,2.0,1.0,1.0,1.151605576
5,6.0,2.0,4.0,2.0,1.0,0.839728082
5,3.0,2.0,3.0,2.0,1.0,1.304040131
5,5.0,2.0,4.0,2.0,1.0,0.7684602970000001
5,2.0,2.0,2.0,2.0,1.0,0.955920172
5,6.0,2.0,1.0,2.0,1.0,0.9351502620000001
5,5.0,1.0,2.0,2.0,1.0,1.018836305
5,2.0,2.0,1.0,2.0,1.0,0.819603375
5,5.0,2.0,4.0,2.0,1.0,0.7684602970000001
5,5.0,1.0,7.0,2.0,1.0,0.968962552
5,2.0,2.0,3.0,2.0,1.0,1.013984095
5,5.0,2.0,1.0,2.0,1.0,0.85578399
5,5.0,1.0,2.0,1.0,1.0,1.2274012029999999
5,5.0,2.0,1.0,2.0,1.0,0.85578399
5,4.0,2.0,7.0,2.0,1.0,1.061662782
5,5.0,1.0,5.0,2.0,1.0,1.046911623
5,2.0,1.0,1.0,2.0,1.0,0.836615882
5,5.0,2.0,2.0,2.0,1.0,0.998118362
5,6.0,1.0,4.0,2.0,1.0,0.857158318
5,3.0,1.0,1.0,2.0,1.0,1.075934711
5,5.0,2.0,4.0,2.0,1.0,0.7684602970000001
5,5.0,2.0,4.0,2.0,1.0,0.7684602970000001
5,1.0,2.0,1.0,2.0,1.0,0.8221859029999999
5,2.0,1.0,1.0,1.0,0.0,0.900091168
5,4.0,2.0,3.0,2.0,1.0,1.184114034
5,5.0,2.0,3.0,2.0,1.0,1.058745462
5,2.0,2.0,5.0,2.0,0.0,0.877213888
5,4.0,2.0,6.0,2.0,1.0,1.061662782
5,2.0,1.0,5.0,2.0,0.0,0.8954222159999999
5,5.0,1.0,2.0,2.0,1.0,1.018836305
5,3.0,2.0,1.0,2.0,1.0,1.0540556779999999
5,1.0,1.0,2.0,2.0,0.0,0.874155197
5,2.0,2.0,5.0,2.0,1.0,0.9822617579999999
5,4.0,1.0,2.0,2.0,1.0,1.139479139
5,3.0,2.0,2.0,2.0,1.0,1.2293666859999999
5,6.0,2.0,1.0,2.0,1.0,0.9351502620000001
5,3.0,2.0,3.0,2.0,1.0,1.304040131
5,2.0,2.0,3.0,1.0,1.0,1.221555703
5,5.0,2.0,1.0,2.0,1.0,0.85578399
5,5.0,2.0,1.0,2.0,1.0,0.85578399
5,5.0,2.0,2.0,2.0,1.0,0.998118362
5,2.0,2.0,2.0,2.0,1.0,0.955920172
5,4.0,2.0,1.0,2.0,1.0,0.957119411
5,4.0,2.0,1.0,2.0,1.0,0.957119411
5,2.0,2.0,3.0,2.0,1.0,1.013984095
5,4.0,2.0,4.0,2.0,1.0,0.859455512
5,4.0,1.0,4.0,2.0,1.0,0.87729523
5,5.0,1.0,1.0,2.0,1.0,0.873547497
5,6.0,2.0,3.0,2.0,1.0,1.156934587
5,4.0,2.0,2.0,2.0,0.0,0.996924513
5,5.0,1.0,4.0,1.0,1.0,0.944987217
5,6.0,1.0,3.0,2.0,1.0,1.180949077
5,1.0,2.0,1.0,2.0,1.0,0.8221859029999999
5,4.0,1.0,3.0,2.0,1.0,1.208692689
5,3.0,2.0,4.0,2.0,1.0,0.94650046
5,4.0,2.0,3.0,2.0,1.0,1.184114034
5,6.0,2.0,2.0,2.0,1.0,1.0906848690000002
5,2.0,2.0,5.0,2.0,1.0,0.9822617579999999
5,4.0,2.0,2.0,1.0,1.0,1.344826148
5,5.0,2.0,3.0,2.0,1.0,1.058745462
5,6.0,2.0,2.0,2.0,1.0,1.0906848690000002
5,5.0,1.0,3.0,2.0,0.0,0.9651441690000001
5,2.0,1.0,2.0,2.0,1.0,0.975762207
5,1.0,1.0,3.0,2.0,1.0,1.038292692
5,5.0,2.0,2.0,2.0,1.0,0.998118362
5,3.0,2.0,3.0,2.0,1.0,1.304040131
5,5.0,1.0,1.0,2.0,1.0,0.873547497
5,1.0,1.0,1.0,2.0,1.0,0.839252015
5,4.0,1.0,2.0,2.0,1.0,1.139479139
5,1.0,2.0,4.0,2.0,0.0,0.659334144
5,5.0,1.0,4.0,2.0,1.0,0.784411227
5,4.0,2.0,3.0,2.0,1.0,1.184114034
5,2.0,1.0,6.0,2.0,1.0,0.9279970040000001
5,5.0,1.0,4.0,2.0,0.0,0.70052246
5,4.0,1.0,3.0,2.0,1.0,1.208692689
5,4.0,2.0,4.0,2.0,1.0,0.859455512
5,1.0,2.0,1.0,2.0,1.0,0.8221859029999999
5,2.0,2.0,3.0,2.0,1.0,1.013984095
5,2.0,1.0,3.0,2.0,0.0,0.9243400540000001
5,1.0,2.0,7.0,2.0,0.0,0.8144581209999999
5,2.0,2.0,3.0,2.0,1.0,1.013984095
5,5.0,2.0,7.0,2.0,1.0,0.949258788
5,4.0,2.0,2.0,2.0,1.0,1.116307935
5,2.0,1.0,6.0,2.0,1.0,0.9279970040000001
5,6.0,1.0,2.0,2.0,1.0,1.1133242140000001
5,4.0,1.0,6.0,2.0,1.0,1.083699716
5,3.0,1.0,2.0,2.0,1.0,1.25488465
5,1.0,2.0,2.0,2.0,1.0,0.958932227
5,3.0,2.0,3.0,2.0,1.0,1.304040131
5,2.0,1.0,5.0,2.0,1.0,1.002650565
5,5.0,2.0,5.0,2.0,1.0,1.025622772
5,2.0,1.0,3.0,2.0,1.0,1.0350313629999999
5,5.0,1.0,4.0,2.0,1.0,0.784411227
5,4.0,2.0,1.0,2.0,1.0,0.957119411
5,3.0,2.0,2.0,2.0,1.0,1.2293666859999999
5,5.0,2.0,3.0,2.0,1.0,1.058745462
5,4.0,2.0,2.0,2.0,1.0,1.116307935
5,4.0,2.0,5.0,2.0,1.0,1.147069208
5,3.0,2.0,3.0,2.0,0.0,1.164579711
5,4.0,1.0,2.0,2.0,1.0,1.139479139
5,4.0,1.0,6.0,2.0,1.0,1.083699716
5,4.0,2.0,1.0,2.0,1.0,0.957119411
5,5.0,2.0,5.0,2.0,1.0,1.025622772
5,4.0,2.0,3.0,2.0,1.0,1.184114034
5,1.0,2.0,2.0,2.0,1.0,0.958932227
5,3.0,2.0,2.0,2.0,1.0,1.2293666859999999
5,4.0,1.0,2.0,2.0,1.0,1.139479139
5,1.0,2.0,3.0,1.0,1.0,1.2254047609999998
5,2.0,2.0,6.0,2.0,1.0,0.90912627
5,4.0,2.0,2.0,2.0,1.0,1.116307935
5,2.0,2.0,3.0,2.0,0.0,0.9055436840000001
5,2.0,2.0,1.0,2.0,1.0,0.819603375
5,4.0,2.0,4.0,2.0,0.0,0.767541142
5,5.0,2.0,2.0,1.0,1.0,1.202442112
5,4.0,2.0,4.0,2.0,1.0,0.859455512
5,2.0,2.0,1.0,2.0,1.0,0.819603375
5,4.0,1.0,1.0,2.0,0.0,0.872502647
5,5.0,2.0,3.0,2.0,1.0,1.058745462
5,6.0,2.0,1.0,2.0,1.0,0.9351502620000001
5,4.0,1.0,5.0,1.0,1.0,1.410568304
5,2.0,2.0,1.0,1.0,1.0,0.9873835120000001
5,2.0,1.0,5.0,2.0,0.0,0.8954222159999999
5,4.0,2.0,3.0,2.0,0.0,1.057479097
5,4.0,2.0,4.0,2.0,1.0,0.859455512
5,3.0,2.0,3.0,1.0,1.0,1.5709888019999998
5,4.0,1.0,1.0,2.0,1.0,0.976986338
5,4.0,1.0,4.0,2.0,1.0,0.87729523
5,5.0,2.0,4.0,2.0,1.0,0.7684602970000001
5,2.0,1.0,4.0,2.0,0.0,0.670905952
5,5.0,2.0,6.0,2.0,1.0,0.949258788
5,3.0,1.0,1.0,2.0,1.0,1.075934711
5,4.0,1.0,5.0,2.0,1.0,1.170878923
5,2.0,2.0,5.0,2.0,1.0,0.9822617579999999
5,2.0,1.0,2.0,1.0,0.0,1.049794731
5,3.0,2.0,3.0,2.0,1.0,1.304040131
5,5.0,2.0,7.0,2.0,0.0,0.847740417
5,6.0,1.0,7.0,2.0,1.0,1.058825119
5,1.0,2.0,1.0,2.0,1.0,0.8221859029999999
5,3.0,2.0,4.0,2.0,1.0,0.94650046
5,6.0,1.0,4.0,2.0,1.0,0.857158318
5,5.0,2.0,5.0,2.0,1.0,1.025622772
5,5.0,2.0,1.0,2.0,1.0,0.85578399
5,3.0,2.0,4.0,2.0,1.0,0.94650046
5,3.0,1.0,5.0,2.0,1.0,1.289464578
5,2.0,2.0,1.0,2.0,1.0,0.819603375
5,6.0,1.0,7.0,2.0,1.0,1.058825119
5,3.0,2.0,1.0,2.0,1.0,1.0540556779999999
5,2.0,2.0,1.0,1.0,1.0,0.9873835120000001
5,5.0,2.0,1.0,2.0,1.0,0.85578399
5,1.0,1.0,4.0,2.0,1.0,0.7536152359999999
5,5.0,1.0,4.0,2.0,1.0,0.784411227
5,5.0,1.0,1.0,2.0,1.0,0.873547497
5,5.0,2.0,1.0,2.0,1.0,0.85578399
5,2.0,1.0,3.0,1.0,1.0,1.246911534
5,3.0,1.0,1.0,2.0,1.0,1.075934711
5,5.0,1.0,5.0,2.0,1.0,1.046911623
5,5.0,1.0,2.0,2.0,0.0,0.909876974
5,3.0,1.0,5.0,2.0,0.0,1.151562939
5,3.0,1.0,3.0,2.0,1.0,1.331108091
5,1.0,1.0,5.0,2.0,1.0,1.0058098640000002
5,1.0,2.0,7.0,2.0,0.0,0.8144581209999999
5,2.0,1.0,4.0,2.0,0.0,0.670905952
5,5.0,1.0,6.0,2.0,1.0,0.968962552
5,1.0,1.0,4.0,2.0,1.0,0.7536152359999999
5,6.0,1.0,6.0,2.0,1.0,1.058825119
5,2.0,1.0,2.0,2.0,1.0,0.975762207
5,3.0,1.0,2.0,2.0,1.0,1.25488465
5,3.0,1.0,1.0,1.0,1.0,1.2961881640000001
5,2.0,1.0,4.0,2.0,1.0,0.751248092
5,5.0,1.0,6.0,2.0,1.0,0.968962552
5,1.0,1.0,7.0,1.0,0.0,1.001551434
5,3.0,1.0,4.0,2.0,1.0,0.96614697
5,3.0,1.0,3.0,2.0,0.0,1.188752891
5,2.0,1.0,1.0,2.0,1.0,0.836615882
5,2.0,1.0,2.0,2.0,1.0,0.975762207
5,1.0,1.0,3.0,2.0,0.0,0.927252601
5,2.0,1.0,2.0,2.0,0.0,0.8714094309999999
5,4.0,1.0,5.0,2.0,0.0,1.045659412
5,2.0,1.0,4.0,2.0,0.0,0.670905952
5,4.0,1.0,4.0,2.0,1.0,0.87729523
5,2.0,1.0,4.0,2.0,1.0,0.751248092
5,2.0,1.0,4.0,2.0,1.0,0.751248092
5,2.0,1.0,2.0,1.0,1.0,1.175509452
5,1.0,1.0,4.0,2.0,0.0,0.673019942
5,2.0,1.0,3.0,2.0,1.0,1.0350313629999999
5,2.0,1.0,2.0,2.0,1.0,0.975762207
5,3.0,1.0,4.0,2.0,1.0,0.96614697
5,5.0,1.0,4.0,2.0,1.0,0.784411227
5,3.0,1.0,4.0,2.0,1.0,0.96614697
5,2.0,1.0,3.0,2.0,1.0,1.0350313629999999
5,2.0,2.0,2.0,2.0,1.0,0.955920172
5,3.0,2.0,3.0,2.0,0.0,1.164579711
5,1.0,1.0,2.0,1.0,1.0,1.179213421
5,2.0,1.0,3.0,2.0,1.0,1.0350313629999999
5,2.0,1.0,5.0,2.0,1.0,1.002650565
5,5.0,1.0,3.0,2.0,1.0,1.080721841
5,6.0,1.0,3.0,2.0,1.0,1.180949077
5,5.0,1.0,4.0,2.0,1.0,0.784411227
5,3.0,2.0,1.0,2.0,0.0,0.941329816
5,1.0,1.0,3.0,2.0,0.0,0.927252601
5,2.0,1.0,3.0,2.0,0.0,0.9243400540000001
5,6.0,1.0,4.0,2.0,1.0,0.857158318
5,2.0,1.0,2.0,2.0,1.0,0.975762207
5,4.0,1.0,3.0,2.0,1.0,1.208692689
5,2.0,1.0,1.0,2.0,1.0,0.836615882
5,2.0,1.0,5.0,2.0,1.0,1.002650565
5,4.0,1.0,5.0,2.0,0.0,1.045659412
5,4.0,1.0,3.0,1.0,1.0,1.456122886
5,3.0,1.0,1.0,2.0,0.0,0.9608689990000001
5,3.0,1.0,4.0,2.0,0.0,0.8628224940000001
5,3.0,1.0,4.0,2.0,1.0,0.96614697
5,2.0,1.0,6.0,1.0,1.0,1.117966285
5,5.0,1.0,2.0,2.0,1.0,1.018836305
5,5.0,1.0,1.0,2.0,1.0,0.873547497
5,4.0,1.0,3.0,2.0,1.0,1.208692689
5,2.0,1.0,1.0,2.0,1.0,0.836615882
5,3.0,1.0,3.0,2.0,0.0,1.188752891
5,6.0,1.0,2.0,2.0,1.0,1.1133242140000001
5,2.0,2.0,3.0,2.0,1.0,1.013984095
5,2.0,1.0,4.0,2.0,1.0,0.751248092
5,3.0,1.0,5.0,2.0,1.0,1.289464578
5,5.0,2.0,3.0,2.0,1.0,1.058745462
5,5.0,1.0,5.0,2.0,1.0,1.046911623
5,3.0,1.0,1.0,2.0,1.0,1.075934711
5,4.0,1.0,1.0,2.0,1.0,0.976986338
5,5.0,1.0,4.0,2.0,1.0,0.784411227
5,5.0,1.0,5.0,2.0,1.0,1.046911623
5,4.0,1.0,3.0,2.0,1.0,1.208692689
5,3.0,1.0,3.0,2.0,1.0,1.331108091
5,4.0,1.0,1.0,2.0,1.0,0.976986338
5,2.0,1.0,2.0,1.0,1.0,1.175509452
5,1.0,1.0,1.0,2.0,1.0,0.839252015
5,3.0,2.0,4.0,2.0,1.0,0.94650046
5,4.0,1.0,6.0,2.0,1.0,1.083699716
5,3.0,2.0,3.0,2.0,0.0,1.164579711
5,5.0,1.0,2.0,2.0,1.0,1.018836305
5,6.0,1.0,3.0,2.0,1.0,1.180949077
5,4.0,2.0,7.0,2.0,1.0,1.061662782
5,2.0,1.0,3.0,2.0,1.0,1.0350313629999999
5,5.0,2.0,4.0,2.0,1.0,0.7684602970000001
5,5.0,2.0,7.0,2.0,0.0,0.847740417
5,2.0,2.0,2.0,2.0,1.0,0.955920172
5,6.0,1.0,3.0,2.0,0.0,1.054652615
5,6.0,2.0,1.0,2.0,1.0,0.9351502620000001
5,3.0,1.0,2.0,2.0,1.0,1.25488465
5,2.0,2.0,4.0,2.0,1.0,0.735971532
6,3.0,1.0,4.0,2.0,1.0,0.883103117
6,6.0,2.0,4.0,2.0,1.0,1.172159679
6,5.0,2.0,1.0,2.0,1.0,0.941277224
6,4.0,1.0,1.0,2.0,1.0,0.7729636609999999
6,5.0,2.0,7.0,2.0,1.0,1.114956644
6,5.0,1.0,5.0,2.0,1.0,1.083979486
6,3.0,2.0,2.0,2.0,1.0,0.930506332
6,4.0,2.0,1.0,2.0,1.0,0.836246078
6,4.0,2.0,7.0,2.0,1.0,0.990545715
6,3.0,1.0,6.0,2.0,1.0,0.8413754259999999
6,3.0,2.0,4.0,2.0,1.0,0.955402635
6,4.0,2.0,5.0,2.0,1.0,1.04186782
6,5.0,1.0,5.0,2.0,1.0,1.083979486
6,4.0,1.0,4.0,2.0,1.0,0.9609949390000001
6,4.0,2.0,3.0,2.0,0.0,0.949430214
6,4.0,2.0,1.0,2.0,0.0,0.838926363
6,3.0,2.0,3.0,1.0,1.0,1.131220967
6,5.0,2.0,4.0,2.0,1.0,1.17025249
6,5.0,2.0,2.0,2.0,1.0,1.139757535
6,3.0,1.0,2.0,2.0,1.0,0.8600908270000001
6,5.0,2.0,1.0,2.0,1.0,0.941277224
6,3.0,2.0,3.0,2.0,1.0,0.8696882779999999
6,3.0,2.0,3.0,2.0,1.0,0.8696882779999999
6,3.0,2.0,1.0,2.0,1.0,0.7684655640000001
6,5.0,2.0,1.0,2.0,1.0,0.941277224
6,4.0,2.0,3.0,2.0,1.0,0.946396879
6,4.0,2.0,2.0,2.0,1.0,1.012579232
6,6.0,1.0,6.0,2.0,1.0,1.032262539
6,2.0,2.0,2.0,2.0,1.0,1.042137833
6,5.0,2.0,2.0,2.0,1.0,1.139757535
6,2.0,1.0,1.0,2.0,1.0,0.7955275490000001
6,3.0,1.0,1.0,2.0,1.0,0.710312396
6,4.0,1.0,4.0,2.0,1.0,0.9609949390000001
6,5.0,2.0,1.0,2.0,1.0,0.941277224
6,5.0,1.0,1.0,2.0,1.0,0.8700466379999999
6,5.0,2.0,2.0,2.0,1.0,1.139757535
6,6.0,1.0,1.0,2.0,1.0,0.8714645740000001
6,5.0,1.0,4.0,2.0,1.0,1.081694339
6,6.0,2.0,6.0,2.0,1.0,1.116773716
6,4.0,2.0,5.0,2.0,1.0,1.04186782
6,5.0,1.0,2.0,2.0,1.0,1.0535070709999999
6,4.0,2.0,3.0,2.0,1.0,0.946396879
6,4.0,2.0,5.0,2.0,1.0,1.04186782
6,6.0,2.0,3.0,2.0,1.0,1.066998871
6,5.0,2.0,2.0,2.0,1.0,1.139757535
6,6.0,2.0,2.0,2.0,1.0,1.141615026
6,6.0,1.0,3.0,2.0,1.0,0.986254376
6,6.0,2.0,3.0,2.0,1.0,1.066998871
6,4.0,2.0,5.0,2.0,1.0,1.04186782
6,5.0,1.0,6.0,2.0,1.0,1.030582972
6,3.0,2.0,1.0,2.0,1.0,0.7684655640000001
6,2.0,2.0,5.0,2.0,0.0,1.075718208
6,5.0,2.0,1.0,2.0,1.0,0.941277224
6,3.0,2.0,1.0,2.0,0.0,0.7709286040000001
6,5.0,2.0,5.0,2.0,1.0,1.172724721
6,5.0,2.0,1.0,2.0,1.0,0.941277224
6,6.0,2.0,2.0,2.0,1.0,1.141615026
6,5.0,2.0,5.0,2.0,1.0,1.172724721
6,3.0,1.0,3.0,2.0,1.0,0.803875143
6,3.0,2.0,3.0,2.0,1.0,0.8696882779999999
6,3.0,2.0,5.0,2.0,1.0,0.957420983
6,2.0,2.0,3.0,2.0,1.0,0.974023526
6,6.0,2.0,2.0,2.0,1.0,1.141615026
6,5.0,2.0,6.0,2.0,1.0,1.114956644
6,4.0,2.0,1.0,2.0,1.0,0.836246078
6,5.0,2.0,1.0,2.0,1.0,0.941277224
6,5.0,1.0,3.0,2.0,1.0,0.984649668
6,5.0,1.0,1.0,2.0,1.0,0.8700466379999999
6,5.0,1.0,4.0,2.0,1.0,1.081694339
6,4.0,1.0,1.0,2.0,1.0,0.7729636609999999
6,3.0,1.0,4.0,2.0,1.0,0.883103117
6,4.0,2.0,1.0,2.0,1.0,0.836246078
6,2.0,2.0,2.0,1.0,1.0,1.355529559
6,5.0,2.0,1.0,2.0,1.0,0.941277224
6,5.0,2.0,1.0,2.0,1.0,0.941277224
6,6.0,2.0,3.0,2.0,1.0,1.066998871
6,3.0,2.0,4.0,2.0,1.0,0.955402635
6,2.0,2.0,5.0,2.0,0.0,1.075718208
6,2.0,1.0,2.0,1.0,0.0,1.256966559
6,5.0,2.0,6.0,2.0,1.0,1.114956644
6,4.0,2.0,4.0,2.0,1.0,1.039671449
6,5.0,1.0,2.0,2.0,1.0,1.0535070709999999
6,2.0,1.0,4.0,2.0,1.0,0.989047723
6,2.0,2.0,2.0,1.0,1.0,1.355529559
6,3.0,2.0,4.0,2.0,1.0,0.955402635
6,5.0,2.0,3.0,2.0,1.0,1.065262787
6,5.0,1.0,1.0,2.0,1.0,0.8700466379999999
6,2.0,2.0,1.0,2.0,1.0,0.8606572690000001
6,3.0,1.0,4.0,2.0,1.0,0.883103117
6,4.0,2.0,6.0,2.0,1.0,0.990545715
6,4.0,2.0,1.0,2.0,1.0,0.836246078
6,3.0,2.0,3.0,2.0,1.0,0.8696882779999999
6,2.0,2.0,3.0,2.0,0.0,0.9771454070000001
6,2.0,2.0,2.0,2.0,0.0,1.045478031
6,2.0,1.0,1.0,2.0,1.0,0.7955275490000001
6,2.0,1.0,1.0,2.0,1.0,0.7955275490000001
6,5.0,2.0,2.0,2.0,1.0,1.139757535
6,2.0,2.0,1.0,2.0,1.0,0.8606572690000001
6,4.0,2.0,5.0,2.0,0.0,1.0452071509999998
6,6.0,1.0,4.0,2.0,1.0,1.083457203
6,4.0,2.0,1.0,2.0,1.0,0.836246078
6,5.0,2.0,3.0,2.0,1.0,1.065262787
6,1.0,1.0,3.0,2.0,1.0,1.504363753
6,2.0,2.0,3.0,2.0,1.0,0.974023526
6,3.0,1.0,2.0,2.0,1.0,0.8600908270000001
6,4.0,1.0,3.0,2.0,1.0,0.8747788670000001
6,4.0,1.0,2.0,2.0,1.0,0.935952909
6,5.0,1.0,1.0,2.0,1.0,0.8700466379999999
6,5.0,2.0,3.0,2.0,1.0,1.065262787
6,4.0,2.0,3.0,2.0,1.0,0.946396879
6,2.0,1.0,6.0,2.0,0.0,0.9453342690000001
6,5.0,1.0,1.0,2.0,1.0,0.8700466379999999
6,2.0,2.0,1.0,2.0,1.0,0.8606572690000001
6,5.0,2.0,3.0,2.0,1.0,1.065262787
6,6.0,2.0,1.0,2.0,1.0,0.942811246
6,2.0,2.0,2.0,2.0,1.0,1.042137833
6,4.0,1.0,3.0,2.0,1.0,0.8747788670000001
6,5.0,1.0,6.0,2.0,1.0,1.030582972
6,5.0,2.0,2.0,2.0,1.0,1.139757535
6,2.0,1.0,2.0,2.0,1.0,0.963274682
6,4.0,2.0,1.0,2.0,0.0,0.838926363
6,2.0,2.0,6.0,2.0,1.0,1.019461127
6,4.0,1.0,2.0,2.0,1.0,0.935952909
6,3.0,2.0,2.0,2.0,1.0,0.930506332
6,5.0,2.0,3.0,2.0,1.0,1.065262787
6,4.0,1.0,4.0,2.0,1.0,0.9609949390000001
6,5.0,2.0,3.0,2.0,1.0,1.065262787
6,4.0,2.0,3.0,2.0,1.0,0.946396879
6,2.0,1.0,2.0,2.0,0.0,0.966362112
6,3.0,2.0,3.0,2.0,1.0,0.8696882779999999
6,3.0,2.0,5.0,2.0,0.0,0.9604896509999999
6,5.0,2.0,2.0,2.0,1.0,1.139757535
6,3.0,2.0,1.0,2.0,0.0,0.7709286040000001
6,5.0,1.0,4.0,2.0,1.0,1.081694339
6,4.0,2.0,1.0,2.0,1.0,0.836246078
6,3.0,1.0,3.0,1.0,1.0,1.045616503
6,4.0,1.0,5.0,2.0,1.0,0.9630251009999999
6,2.0,2.0,5.0,1.0,1.0,1.3947378940000001
6,4.0,2.0,5.0,2.0,1.0,1.04186782
6,2.0,1.0,2.0,2.0,0.0,0.966362112
6,3.0,1.0,2.0,2.0,1.0,0.8600908270000001
6,3.0,2.0,1.0,2.0,1.0,0.7684655640000001
6,4.0,2.0,5.0,2.0,1.0,1.04186782
6,4.0,2.0,4.0,2.0,1.0,1.039671449
6,2.0,2.0,2.0,2.0,1.0,1.042137833
6,2.0,2.0,2.0,2.0,1.0,1.042137833
6,3.0,2.0,4.0,2.0,1.0,0.955402635
6,3.0,1.0,2.0,1.0,1.0,1.11873737
6,1.0,2.0,2.0,2.0,1.0,1.741340071
6,5.0,2.0,4.0,2.0,1.0,1.17025249
6,5.0,2.0,1.0,2.0,1.0,0.941277224
6,4.0,2.0,7.0,2.0,1.0,0.990545715
6,6.0,2.0,3.0,2.0,1.0,1.066998871
6,3.0,1.0,2.0,2.0,1.0,0.8600908270000001
6,2.0,2.0,4.0,2.0,1.0,1.07002091
6,4.0,2.0,1.0,2.0,1.0,0.836246078
6,2.0,2.0,5.0,2.0,0.0,1.075718208
6,4.0,1.0,4.0,2.0,1.0,0.9609949390000001
6,3.0,2.0,3.0,2.0,1.0,0.8696882779999999
6,4.0,1.0,6.0,2.0,0.0,0.918521349
6,3.0,1.0,4.0,1.0,1.0,1.148669917
6,2.0,2.0,6.0,2.0,0.0,1.0227286420000001
6,3.0,2.0,2.0,2.0,1.0,0.930506332
6,6.0,2.0,3.0,2.0,1.0,1.066998871
6,3.0,2.0,1.0,2.0,1.0,0.7684655640000001
6,4.0,2.0,5.0,2.0,1.0,1.04186782
6,2.0,2.0,2.0,2.0,1.0,1.042137833
6,5.0,2.0,6.0,2.0,1.0,1.114956644
6,3.0,2.0,3.0,2.0,1.0,0.8696882779999999
6,1.0,1.0,3.0,2.0,0.0,1.509185449
6,4.0,2.0,3.0,2.0,1.0,0.946396879
6,2.0,2.0,1.0,1.0,1.0,1.119474152
6,2.0,1.0,2.0,1.0,0.0,1.256966559
6,4.0,2.0,3.0,2.0,1.0,0.946396879
6,2.0,1.0,5.0,2.0,1.0,0.991137148
6,4.0,2.0,1.0,2.0,1.0,0.836246078
6,6.0,1.0,2.0,2.0,0.0,1.058606138
6,3.0,1.0,5.0,2.0,0.0,0.887805176
6,5.0,1.0,5.0,2.0,1.0,1.083979486
6,4.0,2.0,7.0,2.0,1.0,0.990545715
6,4.0,2.0,2.0,2.0,0.0,1.01582469
6,4.0,1.0,3.0,2.0,1.0,0.8747788670000001
6,5.0,2.0,2.0,2.0,1.0,1.139757535
6,3.0,2.0,6.0,2.0,1.0,0.9102587040000001
6,4.0,2.0,3.0,2.0,1.0,0.946396879
6,5.0,2.0,1.0,2.0,1.0,0.941277224
6,3.0,1.0,6.0,2.0,1.0,0.8413754259999999
6,2.0,2.0,3.0,2.0,1.0,0.974023526
6,2.0,1.0,4.0,2.0,1.0,0.989047723
6,1.0,1.0,5.0,2.0,1.0,1.656121462
6,4.0,2.0,3.0,2.0,1.0,0.946396879
6,4.0,2.0,7.0,2.0,1.0,0.990545715
6,2.0,1.0,3.0,2.0,1.0,0.900314883
6,1.0,2.0,3.0,2.0,1.0,1.627525785
6,3.0,1.0,2.0,2.0,1.0,0.8600908270000001
6,3.0,2.0,3.0,1.0,1.0,1.131220967
6,5.0,1.0,1.0,2.0,1.0,0.8700466379999999
6,3.0,2.0,3.0,2.0,1.0,0.8696882779999999
6,5.0,2.0,1.0,2.0,1.0,0.941277224
6,6.0,2.0,3.0,2.0,1.0,1.066998871
6,3.0,2.0,6.0,2.0,1.0,0.9102587040000001
6,5.0,1.0,6.0,2.0,1.0,1.030582972
6,4.0,2.0,3.0,2.0,1.0,0.946396879
6,3.0,1.0,5.0,2.0,1.0,0.8849687270000001
6,3.0,2.0,5.0,2.0,0.0,0.9604896509999999
6,1.0,1.0,1.0,2.0,1.0,1.329271383
6,3.0,1.0,1.0,2.0,1.0,0.710312396
6,2.0,1.0,3.0,2.0,0.0,0.903200518
6,5.0,1.0,1.0,2.0,1.0,0.8700466379999999
6,1.0,1.0,4.0,2.0,0.0,1.657927088
6,6.0,2.0,1.0,2.0,1.0,0.942811246
6,3.0,1.0,2.0,2.0,1.0,0.8600908270000001
6,2.0,1.0,4.0,2.0,1.0,0.989047723
6,3.0,1.0,6.0,2.0,1.0,0.8413754259999999
6,3.0,2.0,3.0,2.0,0.0,0.872475751
6,4.0,1.0,4.0,2.0,1.0,0.9609949390000001
6,2.0,1.0,3.0,1.0,0.0,1.1748110090000001
6,5.0,1.0,4.0,2.0,1.0,1.081694339
6,3.0,1.0,6.0,2.0,0.0,0.8440721520000001
6,2.0,1.0,4.0,2.0,1.0,0.989047723
6,4.0,1.0,3.0,2.0,1.0,0.8747788670000001
6,4.0,1.0,3.0,2.0,1.0,0.8747788670000001
6,1.0,1.0,2.0,1.0,1.0,2.093593718
6,2.0,1.0,3.0,1.0,1.0,1.171057606
6,2.0,1.0,3.0,1.0,0.0,1.1748110090000001
6,2.0,1.0,2.0,2.0,1.0,0.963274682
6,2.0,1.0,5.0,2.0,1.0,0.991137148
6,2.0,1.0,2.0,2.0,1.0,0.963274682
6,4.0,1.0,2.0,2.0,1.0,0.935952909
6,2.0,1.0,4.0,2.0,1.0,0.989047723
6,3.0,1.0,1.0,2.0,1.0,0.710312396
6,1.0,1.0,4.0,2.0,0.0,1.657927088
6,1.0,1.0,4.0,1.0,0.0,2.156498979
6,5.0,1.0,4.0,2.0,1.0,1.081694339
6,3.0,1.0,3.0,2.0,0.0,0.806451675
6,4.0,1.0,3.0,2.0,1.0,0.8747788670000001
6,3.0,1.0,1.0,2.0,1.0,0.710312396
6,1.0,1.0,1.0,2.0,1.0,1.329271383
6,2.0,1.0,4.0,1.0,1.0,1.286474188
6,4.0,1.0,6.0,2.0,0.0,0.918521349
6,6.0,1.0,4.0,2.0,1.0,1.083457203
6,3.0,1.0,3.0,2.0,1.0,0.803875143
6,2.0,1.0,4.0,2.0,1.0,0.989047723
6,3.0,1.0,4.0,2.0,1.0,0.883103117
6,2.0,1.0,4.0,2.0,0.0,0.9922177590000001
6,5.0,1.0,1.0,1.0,0.0,1.1353143079999999
6,4.0,1.0,3.0,2.0,0.0,0.877582655
6,2.0,2.0,2.0,2.0,1.0,1.042137833
6,2.0,1.0,2.0,2.0,1.0,0.963274682
6,2.0,1.0,2.0,2.0,1.0,0.963274682
6,4.0,1.0,3.0,2.0,1.0,0.8747788670000001
6,4.0,1.0,1.0,2.0,1.0,0.7729636609999999
6,2.0,1.0,4.0,2.0,0.0,0.9922177590000001
6,3.0,2.0,3.0,2.0,0.0,0.872475751
6,5.0,1.0,2.0,2.0,1.0,1.0535070709999999
6,4.0,1.0,4.0,2.0,1.0,0.9609949390000001
6,2.0,1.0,3.0,2.0,0.0,0.903200518
6,3.0,1.0,1.0,2.0,1.0,0.710312396
6,2.0,1.0,5.0,2.0,1.0,0.991137148
6,2.0,1.0,2.0,2.0,1.0,0.963274682
6,4.0,1.0,2.0,2.0,1.0,0.935952909
6,2.0,1.0,2.0,2.0,1.0,0.963274682
6,3.0,1.0,2.0,2.0,1.0,0.8600908270000001
6,4.0,1.0,3.0,2.0,1.0,0.8747788670000001
6,4.0,1.0,1.0,2.0,1.0,0.7729636609999999
6,3.0,1.0,3.0,2.0,1.0,0.803875143
6,4.0,1.0,3.0,2.0,1.0,0.8747788670000001
6,2.0,1.0,3.0,2.0,1.0,0.900314883
6,3.0,1.0,3.0,2.0,1.0,0.803875143
6,1.0,1.0,5.0,2.0,1.0,1.656121462
6,2.0,2.0,7.0,2.0,1.0,1.019461127
6,5.0,1.0,2.0,2.0,1.0,1.0535070709999999
6,5.0,1.0,6.0,2.0,1.0,1.030582972
6,2.0,1.0,3.0,1.0,1.0,1.171057606
6,3.0,1.0,3.0,1.0,1.0,1.045616503
6,3.0,1.0,5.0,2.0,1.0,0.8849687270000001
6,4.0,2.0,3.0,2.0,1.0,0.946396879
6,2.0,1.0,3.0,2.0,1.0,0.900314883
6,5.0,2.0,6.0,2.0,1.0,1.114956644
6,1.0,1.0,3.0,2.0,1.0,1.504363753
6,3.0,1.0,2.0,2.0,1.0,0.8600908270000001
6,3.0,1.0,4.0,2.0,1.0,0.883103117
6,3.0,1.0,4.0,2.0,1.0,0.883103117
6,3.0,1.0,3.0,2.0,1.0,0.803875143
6,3.0,1.0,3.0,2.0,0.0,0.806451675
6,4.0,1.0,5.0,2.0,1.0,0.9630251009999999
6,6.0,2.0,1.0,2.0,1.0,0.942811246
6,2.0,1.0,4.0,1.0,1.0,1.286474188
6,6.0,1.0,4.0,2.0,0.0,1.086929834
6,2.0,2.0,3.0,2.0,0.0,0.9771454070000001
6,3.0,2.0,5.0,2.0,1.0,0.957420983
6,6.0,1.0,3.0,2.0,1.0,0.986254376
6,2.0,2.0,2.0,2.0,1.0,1.042137833
6,3.0,1.0,2.0,2.0,1.0,0.8600908270000001
6,6.0,1.0,2.0,2.0,1.0,1.0552239970000001
6,2.0,2.0,4.0,2.0,1.0,1.07002091
6,3.0,1.0,3.0,2.0,1.0,0.803875143
6,5.0,2.0,2.0,2.0,1.0,1.139757535
6,2.0,1.0,1.0,2.0,1.0,0.7955275490000001
6,5.0,1.0,3.0,2.0,1.0,0.984649668
7,2.0,2.0,5.0,2.0,1.0,0.951540773
7,5.0,2.0,4.0,2.0,1.0,0.8016679059999999
7,1.0,2.0,7.0,2.0,1.0,1.148567701
7,4.0,2.0,4.0,2.0,1.0,1.0010227390000002
7,5.0,2.0,3.0,2.0,1.0,1.020737599
7,5.0,1.0,5.0,2.0,1.0,0.903134477
7,1.0,2.0,1.0,2.0,0.0,1.1429764709999999
7,3.0,2.0,6.0,2.0,1.0,0.964499537
7,4.0,2.0,1.0,2.0,1.0,1.174026098
7,4.0,2.0,2.0,2.0,1.0,1.0920491429999999
7,3.0,2.0,4.0,2.0,1.0,0.872854098
7,5.0,2.0,3.0,2.0,1.0,1.020737599
7,4.0,2.0,2.0,2.0,1.0,1.0920491429999999
7,2.0,1.0,1.0,1.0,1.0,0.928489765
7,5.0,1.0,1.0,2.0,1.0,0.971811262
7,3.0,1.0,1.0,1.0,0.0,0.8703680229999999
7,5.0,1.0,2.0,2.0,1.0,0.903954058
7,4.0,2.0,2.0,2.0,1.0,1.0920491429999999
7,4.0,2.0,4.0,2.0,1.0,1.0010227390000002
7,5.0,2.0,7.0,2.0,1.0,0.88583914
7,3.0,1.0,3.0,2.0,1.0,1.148721878
7,2.0,2.0,2.0,1.0,1.0,0.835579794
7,3.0,1.0,5.0,2.0,1.0,0.983330659
7,5.0,2.0,5.0,2.0,1.0,0.87377336
7,3.0,2.0,1.0,2.0,1.0,1.023706507
7,4.0,1.0,2.0,2.0,1.0,1.1287449090000001
7,4.0,2.0,3.0,2.0,1.0,1.274569606
7,5.0,2.0,3.0,2.0,1.0,1.020737599
7,5.0,1.0,2.0,2.0,1.0,0.903954058
7,5.0,1.0,2.0,2.0,1.0,0.903954058
7,4.0,2.0,3.0,2.0,1.0,1.274569606
7,5.0,1.0,4.0,2.0,1.0,0.828606087
7,2.0,2.0,5.0,2.0,0.0,0.892143371
7,5.0,2.0,3.0,2.0,1.0,1.020737599
7,3.0,2.0,4.0,2.0,1.0,0.872854098
7,6.0,2.0,2.0,2.0,1.0,0.995511102
7,6.0,1.0,5.0,2.0,1.0,1.028030011
7,4.0,2.0,1.0,2.0,1.0,1.174026098
7,4.0,2.0,2.0,2.0,1.0,1.0920491429999999
7,6.0,1.0,3.0,2.0,1.0,1.2009394340000001
7,5.0,2.0,2.0,2.0,1.0,0.8745662959999999
7,3.0,2.0,4.0,1.0,1.0,0.765787452
7,5.0,2.0,3.0,2.0,1.0,1.020737599
7,2.0,2.0,1.0,2.0,1.0,1.023898503
7,3.0,2.0,2.0,2.0,1.0,0.952225691
7,3.0,1.0,7.0,2.0,1.0,0.9969092959999999
7,5.0,2.0,1.0,2.0,1.0,0.940217447
7,6.0,2.0,2.0,2.0,1.0,0.995511102
7,5.0,1.0,3.0,2.0,1.0,1.055037107
7,2.0,2.0,4.0,2.0,1.0,0.873017802
7,2.0,2.0,2.0,2.0,1.0,0.952404282
7,3.0,2.0,2.0,2.0,1.0,0.952225691
7,6.0,2.0,7.0,2.0,1.0,1.008342881
7,5.0,1.0,3.0,2.0,1.0,1.055037107
7,4.0,2.0,6.0,2.0,1.0,1.106125262
7,6.0,2.0,2.0,2.0,1.0,0.995511102
7,3.0,1.0,5.0,2.0,1.0,0.983330659
7,5.0,2.0,5.0,2.0,1.0,0.87377336
7,4.0,1.0,2.0,2.0,1.0,1.1287449090000001
7,3.0,2.0,4.0,2.0,1.0,0.872854098
7,2.0,2.0,4.0,2.0,0.0,0.818521988
7,5.0,1.0,6.0,2.0,1.0,0.9156056999999999
7,6.0,2.0,3.0,2.0,1.0,1.161896607
7,5.0,1.0,5.0,2.0,1.0,0.903134477
7,3.0,2.0,6.0,2.0,0.0,0.904293219
7,6.0,1.0,4.0,2.0,1.0,0.943195001
7,4.0,2.0,1.0,2.0,1.0,1.174026098
7,2.0,2.0,2.0,2.0,0.0,0.892952978
7,5.0,2.0,2.0,2.0,1.0,0.8745662959999999
7,5.0,1.0,1.0,2.0,1.0,0.971811262
7,4.0,1.0,2.0,2.0,1.0,1.1287449090000001
7,3.0,2.0,3.0,2.0,1.0,1.111376656
7,5.0,1.0,5.0,2.0,1.0,0.903134477
7,5.0,2.0,3.0,2.0,1.0,1.020737599
7,5.0,1.0,1.0,2.0,1.0,0.971811262
7,3.0,2.0,3.0,2.0,0.0,1.042001925
7,2.0,2.0,4.0,2.0,0.0,0.818521988
7,5.0,2.0,4.0,2.0,1.0,0.8016679059999999
7,6.0,2.0,1.0,2.0,1.0,1.070241228
7,2.0,1.0,1.0,2.0,1.0,1.058304226
7,4.0,1.0,3.0,2.0,1.0,1.317398547
7,3.0,2.0,4.0,2.0,1.0,0.872854098
7,6.0,2.0,7.0,2.0,1.0,1.008342881
7,2.0,1.0,2.0,2.0,1.0,0.9844076070000001
7,5.0,2.0,1.0,2.0,1.0,0.940217447
7,4.0,2.0,7.0,2.0,0.0,1.037078335
7,5.0,2.0,3.0,2.0,1.0,1.020737599
7,5.0,2.0,7.0,2.0,1.0,0.88583914
7,5.0,2.0,1.0,2.0,1.0,0.940217447
7,5.0,2.0,2.0,2.0,0.0,0.8199738209999999
7,2.0,1.0,3.0,1.0,1.0,1.008005559
7,2.0,2.0,1.0,2.0,1.0,1.023898503
7,3.0,1.0,4.0,2.0,1.0,0.902184326
7,4.0,2.0,7.0,2.0,1.0,1.106125262
7,5.0,2.0,2.0,2.0,1.0,0.8745662959999999
7,6.0,2.0,2.0,2.0,1.0,0.995511102
7,4.0,2.0,5.0,2.0,1.0,1.091059023
7,5.0,1.0,6.0,2.0,1.0,0.9156056999999999
7,2.0,2.0,7.0,2.0,1.0,0.9646804290000001
7,5.0,2.0,2.0,2.0,1.0,0.8745662959999999
7,5.0,2.0,4.0,2.0,1.0,0.8016679059999999
7,5.0,2.0,1.0,2.0,1.0,0.940217447
7,4.0,2.0,2.0,2.0,1.0,1.0920491429999999
7,6.0,2.0,3.0,2.0,1.0,1.161896607
7,4.0,2.0,3.0,2.0,1.0,1.274569606
7,3.0,1.0,2.0,2.0,0.0,0.922785513
7,4.0,2.0,3.0,2.0,1.0,1.274569606
7,1.0,1.0,3.0,2.0,1.0,1.367947621
7,3.0,2.0,5.0,2.0,1.0,0.951362345
7,3.0,2.0,4.0,2.0,1.0,0.872854098
7,3.0,1.0,2.0,2.0,1.0,0.984223016
7,6.0,2.0,3.0,2.0,1.0,1.161896607
7,1.0,1.0,7.0,2.0,0.0,1.113057172
7,2.0,2.0,2.0,2.0,0.0,0.892952978
7,2.0,2.0,1.0,1.0,0.0,0.842230082
7,2.0,2.0,3.0,2.0,1.0,1.111585095
7,2.0,1.0,4.0,2.0,1.0,0.90235353
7,6.0,1.0,5.0,2.0,1.0,1.028030011
7,3.0,2.0,1.0,2.0,1.0,1.023706507
7,2.0,2.0,4.0,2.0,1.0,0.873017802
7,5.0,1.0,2.0,2.0,1.0,0.903954058
7,3.0,2.0,2.0,1.0,1.0,0.83542311
7,3.0,1.0,5.0,2.0,1.0,0.983330659
7,2.0,1.0,2.0,2.0,0.0,0.922958581
7,6.0,2.0,5.0,2.0,1.0,0.99460851
7,2.0,2.0,4.0,2.0,1.0,0.873017802
7,4.0,1.0,6.0,2.0,1.0,1.143294024
7,4.0,2.0,4.0,2.0,1.0,1.0010227390000002
7,2.0,1.0,3.0,2.0,0.0,1.077217965
7,6.0,1.0,7.0,2.0,1.0,1.042225893
7,5.0,1.0,4.0,2.0,1.0,0.828606087
7,3.0,1.0,3.0,1.0,1.0,1.007816543
7,5.0,1.0,6.0,2.0,1.0,0.9156056999999999
7,5.0,2.0,2.0,2.0,1.0,0.8745662959999999
7,4.0,2.0,3.0,2.0,1.0,1.274569606
7,2.0,2.0,3.0,2.0,1.0,1.111585095
7,3.0,2.0,4.0,2.0,1.0,0.872854098
7,3.0,2.0,3.0,1.0,0.0,0.914187148
7,4.0,2.0,3.0,2.0,1.0,1.274569606
7,4.0,2.0,6.0,2.0,1.0,1.106125262
7,2.0,1.0,1.0,1.0,1.0,0.928489765
7,1.0,2.0,1.0,2.0,0.0,1.1429764709999999
7,1.0,2.0,4.0,2.0,1.0,1.0394323540000001
7,6.0,2.0,2.0,2.0,1.0,0.995511102
7,3.0,1.0,4.0,2.0,1.0,0.902184326
7,4.0,2.0,1.0,2.0,1.0,1.174026098
7,5.0,1.0,3.0,2.0,1.0,1.055037107
7,5.0,1.0,4.0,2.0,1.0,0.828606087
7,5.0,2.0,2.0,2.0,1.0,0.8745662959999999
7,5.0,2.0,3.0,2.0,1.0,1.020737599
7,2.0,2.0,3.0,2.0,1.0,1.111585095
7,2.0,1.0,1.0,1.0,0.0,0.8705312609999999
7,4.0,1.0,5.0,2.0,1.0,1.127721519
7,3.0,2.0,1.0,2.0,1.0,1.023706507
7,2.0,2.0,7.0,2.0,1.0,0.9646804290000001
7,4.0,2.0,2.0,2.0,1.0,1.0920491429999999
7,3.0,1.0,4.0,2.0,1.0,0.902184326
7,5.0,2.0,4.0,2.0,1.0,0.8016679059999999
7,2.0,2.0,3.0,1.0,1.0,0.975235058
7,2.0,2.0,3.0,2.0,1.0,1.111585095
7,2.0,2.0,3.0,2.0,0.0,1.042197353
7,2.0,2.0,1.0,2.0,1.0,1.023898503
7,1.0,2.0,2.0,1.0,1.0,0.994857918
7,1.0,2.0,3.0,2.0,0.0,1.2408608909999999
7,6.0,2.0,6.0,2.0,1.0,1.008342881
7,4.0,2.0,4.0,2.0,0.0,0.938536557
7,3.0,1.0,2.0,2.0,1.0,0.984223016
7,5.0,1.0,3.0,2.0,1.0,1.055037107
7,3.0,1.0,4.0,2.0,1.0,0.902184326
7,2.0,2.0,3.0,2.0,1.0,1.111585095
7,3.0,2.0,1.0,2.0,1.0,1.023706507
7,3.0,1.0,3.0,2.0,0.0,1.077015971
7,4.0,2.0,6.0,2.0,1.0,1.106125262
7,4.0,2.0,1.0,1.0,1.0,1.0300168790000002
7,4.0,1.0,4.0,2.0,0.0,0.97007389
7,2.0,2.0,2.0,2.0,1.0,0.952404282
7,5.0,1.0,1.0,2.0,1.0,0.971811262
7,5.0,2.0,2.0,2.0,1.0,0.8745662959999999
7,3.0,2.0,5.0,1.0,1.0,0.8346656640000001
7,5.0,2.0,1.0,2.0,0.0,0.8815268740000001
7,6.0,1.0,5.0,2.0,1.0,1.028030011
7,4.0,2.0,2.0,2.0,0.0,1.02388088
7,6.0,1.0,6.0,2.0,1.0,1.042225893
7,2.0,1.0,4.0,2.0,1.0,0.90235353
7,3.0,2.0,3.0,2.0,1.0,1.111376656
7,4.0,2.0,4.0,2.0,0.0,0.938536557
7,5.0,2.0,2.0,2.0,1.0,0.8745662959999999
7,5.0,1.0,2.0,2.0,1.0,0.903954058
7,4.0,2.0,4.0,2.0,1.0,1.0010227390000002
7,3.0,1.0,5.0,2.0,1.0,0.983330659
7,2.0,2.0,3.0,2.0,1.0,1.111585095
7,4.0,1.0,3.0,1.0,1.0,1.155802875
7,3.0,2.0,1.0,2.0,1.0,1.023706507
7,5.0,1.0,5.0,2.0,1.0,0.903134477
7,4.0,2.0,5.0,2.0,0.0,1.0229525659999998
7,5.0,2.0,2.0,2.0,1.0,0.8745662959999999
7,5.0,2.0,2.0,2.0,1.0,0.8745662959999999
7,2.0,2.0,1.0,1.0,1.0,0.8983043409999999
7,6.0,1.0,6.0,2.0,1.0,1.042225893
7,4.0,1.0,1.0,2.0,1.0,1.2134765090000001
7,4.0,1.0,3.0,2.0,1.0,1.317398547
7,5.0,1.0,1.0,2.0,1.0,0.971811262
7,2.0,2.0,6.0,2.0,1.0,0.9646804290000001
7,2.0,1.0,3.0,2.0,1.0,1.148937321
7,2.0,2.0,1.0,2.0,1.0,1.023898503
7,3.0,1.0,3.0,2.0,1.0,1.148721878
7,1.0,1.0,1.0,1.0,0.0,1.0364718290000001
7,3.0,1.0,3.0,2.0,1.0,1.148721878
7,4.0,1.0,1.0,2.0,1.0,1.2134765090000001
7,5.0,1.0,5.0,2.0,1.0,0.903134477
7,3.0,1.0,6.0,2.0,0.0,0.934679885
7,2.0,1.0,5.0,2.0,1.0,0.983515083
7,3.0,1.0,1.0,2.0,1.0,1.058105778
7,2.0,1.0,3.0,2.0,1.0,1.148937321
7,1.0,1.0,2.0,2.0,0.0,1.0988928390000001
7,3.0,1.0,4.0,1.0,0.0,0.7421114259999999
7,2.0,1.0,2.0,2.0,1.0,0.9844076070000001
7,2.0,1.0,2.0,2.0,1.0,0.9844076070000001
7,3.0,1.0,3.0,2.0,1.0,1.148721878
7,4.0,1.0,2.0,2.0,1.0,1.1287449090000001
7,2.0,1.0,2.0,2.0,1.0,0.9844076070000001
7,1.0,1.0,4.0,2.0,1.0,1.074360056
7,3.0,1.0,3.0,2.0,1.0,1.148721878
7,2.0,1.0,1.0,2.0,1.0,1.058304226
7,4.0,1.0,4.0,2.0,0.0,0.97007389
7,2.0,1.0,7.0,2.0,1.0,0.997096267
7,2.0,1.0,1.0,2.0,1.0,1.058304226
7,2.0,2.0,6.0,2.0,1.0,0.9646804290000001
7,1.0,1.0,2.0,2.0,1.0,1.172055272
7,5.0,1.0,4.0,2.0,1.0,0.828606087
7,2.0,1.0,1.0,2.0,1.0,1.058304226
7,2.0,1.0,2.0,2.0,1.0,0.9844076070000001
7,3.0,1.0,4.0,2.0,1.0,0.902184326
7,3.0,1.0,2.0,1.0,1.0,0.863495557
7,2.0,1.0,5.0,1.0,1.0,0.86287446
7,2.0,1.0,4.0,2.0,1.0,0.90235353
7,3.0,1.0,5.0,2.0,1.0,0.983330659
7,3.0,1.0,4.0,2.0,1.0,0.902184326
7,3.0,1.0,4.0,2.0,0.0,0.8458678690000001
7,5.0,1.0,3.0,2.0,1.0,1.055037107
7,4.0,1.0,2.0,2.0,1.0,1.1287449090000001
7,3.0,1.0,4.0,2.0,1.0,0.902184326
7,2.0,1.0,2.0,2.0,0.0,0.922958581
7,4.0,1.0,2.0,1.0,1.0,0.9902900029999999
7,6.0,2.0,3.0,2.0,1.0,1.161896607
7,2.0,1.0,4.0,2.0,0.0,0.846026512
7,6.0,1.0,3.0,2.0,1.0,1.2009394340000001
7,2.0,1.0,5.0,2.0,1.0,0.983515083
7,4.0,1.0,4.0,2.0,1.0,1.034659775
7,2.0,1.0,6.0,2.0,0.0,0.934855185
7,3.0,1.0,4.0,2.0,1.0,0.902184326
7,2.0,2.0,2.0,2.0,1.0,0.952404282
7,4.0,1.0,4.0,2.0,1.0,1.034659775
7,5.0,1.0,1.0,2.0,1.0,0.971811262
7,5.0,1.0,5.0,2.0,1.0,0.903134477
7,1.0,1.0,2.0,2.0,1.0,1.172055272
7,2.0,1.0,1.0,2.0,1.0,1.058304226
7,2.0,1.0,1.0,2.0,1.0,1.058304226
7,1.0,1.0,5.0,1.0,0.0,0.9632255559999999
7,5.0,2.0,1.0,2.0,0.0,0.8815268740000001
7,3.0,1.0,2.0,2.0,1.0,0.984223016
7,1.0,1.0,6.0,1.0,0.0,0.976526566
7,2.0,1.0,6.0,1.0,1.0,0.874789739
7,6.0,1.0,3.0,2.0,0.0,1.125973984
7,3.0,1.0,5.0,2.0,1.0,0.983330659
7,5.0,1.0,4.0,2.0,1.0,0.828606087
7,3.0,1.0,4.0,2.0,1.0,0.902184326
7,6.0,1.0,3.0,2.0,1.0,1.2009394340000001
7,2.0,2.0,3.0,2.0,1.0,1.111585095
7,3.0,1.0,4.0,2.0,0.0,0.8458678690000001
7,4.0,1.0,3.0,2.0,1.0,1.317398547
7,5.0,2.0,3.0,2.0,1.0,1.020737599
7,2.0,1.0,3.0,1.0,1.0,1.008005559
7,1.0,1.0,1.0,2.0,1.0,1.260038055
7,3.0,1.0,4.0,2.0,1.0,0.902184326
7,3.0,1.0,4.0,2.0,1.0,0.902184326
7,2.0,1.0,3.0,2.0,1.0,1.148937321
7,5.0,1.0,1.0,2.0,0.0,0.9111485290000001
7,4.0,1.0,4.0,2.0,1.0,1.034659775
7,4.0,2.0,5.0,2.0,1.0,1.091059023
7,2.0,1.0,2.0,2.0,1.0,0.9844076070000001
7,2.0,1.0,3.0,2.0,0.0,1.077217965
7,4.0,2.0,2.0,1.0,1.0,0.958095439
7,2.0,2.0,5.0,2.0,0.0,0.892143371
7,5.0,1.0,5.0,2.0,1.0,0.903134477
7,3.0,1.0,5.0,2.0,1.0,0.983330659
7,4.0,2.0,3.0,2.0,1.0,1.274569606
7,3.0,1.0,7.0,2.0,1.0,0.9969092959999999
7,5.0,2.0,6.0,2.0,1.0,0.88583914
7,6.0,1.0,3.0,2.0,1.0,1.2009394340000001
7,4.0,2.0,1.0,2.0,1.0,1.174026098
7,1.0,1.0,2.0,1.0,0.0,0.9640996690000001
7,3.0,1.0,5.0,2.0,1.0,0.983330659
7,5.0,1.0,3.0,2.0,1.0,1.055037107
7,5.0,2.0,3.0,2.0,0.0,0.95702077
7,2.0,2.0,2.0,2.0,1.0,0.952404282
7,3.0,2.0,3.0,2.0,1.0,1.111376656
